keyword,volume,seo_difficulty,cpc_usd,paid_difficulty,competition,intent,sources,market,language,extracted_at
halong bay cruise,12100,28,2.74,37,0.37,Commercial,Ubersuggest seed | Google autocomplete suggestions,United States,en,2026-09-24
halong bay cruise junk boat,3600,27,2.26,23,0.23,Transactional,Ubersuggest match_keywords | Google autocomplete suggestions,United States,en,2026-09-24
halong bay cruise overnight,880,24,2.185,62,0.62,,Ubersuggest match_keywords | Google autocomplete suggestions | Google autocomplete comparisons,United States,en,2026-09-24
grand pioneers halong bay cruise,590,25,2.88,82,0.82,Commercial,Ubersuggest match_keywords,United States,en,2026-09-24
halong bay cruise best,480,23,2.385,56,0.57,,Ubersuggest match_keywords | Google autocomplete suggestions,United States,en,2026-09-24
halong bay cruise orchid,480,27,2.205,70,0.7,,Ubersuggest match_keywords | Google autocomplete suggestions | Google autocomplete comparisons,United States,en,2026-09-24
vietnam halong bay cruise,480,35,2.39,69,0.69,Commercial,Ubersuggest match_keywords,United States,en,2026-09-24
best halong bay cruise,390,18,2.61,46,0.46,Informational,Ubersuggest match_keywords,United States,en,2026-09-24
halong bay cruise 2 nights,390,30,2.435,82,0.82,,Ubersuggest match_keywords | Google autocomplete suggestions | Google autocomplete comparisons,United States,en,2026-09-24
halong bay cruise luxury,390,19,2.195,45,0.45,,Ubersuggest match_keywords | Google autocomplete suggestions | Google autocomplete comparisons,United States,en,2026-09-24
halong bay cruise 1 night,320,17,3.17,46,0.46,Commercial,Ubersuggest match_keywords | Google autocomplete suggestions | Google autocomplete comparisons,United States,en,2026-09-24
halong bay cruise boat,320,26,4.05,9,0.09,Commercial,Ubersuggest match_keywords,United States,en,2026-09-24
halong bay cruise deals,320,32,0,1,0.01,Commercial,Ubersuggest match_keywords | Google autocomplete suggestions | Google autocomplete questions,United States,en,2026-09-24
halong bay cruise vietnam,210,37,4.37,26,0.26,Commercial,Ubersuggest match_keywords | Google autocomplete suggestions | Google autocomplete comparisons,United States,en,2026-09-24
hanoi to halong bay cruise,210,25,2.26,65,0.65,,Ubersuggest match_keywords | Google autocomplete prepositions,United States,en,2026-09-24
indochina junk halong bay cruise,210,32,0.74,10,0.1,Commercial,Ubersuggest match_keywords,United States,en,2026-09-24
paradise elegance halong bay cruise,170,19,2.84,70,0.7,Commercial,Ubersuggest match_keywords,United States,en,2026-09-24
best halong bay cruise luxury,140,17,3.05,71,0.71,Commercial,Ubersuggest match_keywords,United States,en,2026-09-24
day halong bay cruise,140,15,1.48,28,0.29,Informational,Ubersuggest match_keywords,United States,en,2026-09-24
halong bay cruise 2 days 1 night,140,18,5.06,65,0.65,Transactional,Ubersuggest match_keywords | Google autocomplete suggestions,United States,en,2026-09-24
halong bay cruise day tour,140,16,1.71,8,0.08,Commercial,Ubersuggest match_keywords | Google autocomplete suggestions,United States,en,2026-09-24
best luxury halong bay cruise,110,24,3.34,61,0.61,Commercial,Ubersuggest match_keywords,United States,en,2026-09-24
halong bay cruise bhaya,110,21,3.53,50,0.5,,Ubersuggest match_keywords | Google autocomplete suggestions,United States,en,2026-09-24
halong bay cruise package,110,41,6.3,4,0.04,Commercial,Ubersuggest match_keywords | Google autocomplete suggestions,United States,en,2026-09-24
2 day halong bay cruise,90,18,2.16,40,0.4,,Ubersuggest match_keywords,United States,en,2026-09-24
3 day 2 night halong bay cruise,90,15,3.31,73,0.73,Transactional,Ubersuggest match_keywords,United States,en,2026-09-24
best halong bay cruise reddit,90,30,1.14,7,0.07,Commercial,Ubersuggest match_keywords,United States,en,2026-09-24
halong bay cruise 3 day,90,16,3.2,57,0.58,Commercial,Ubersuggest match_keywords | Google autocomplete suggestions,United States,en,2026-09-24
halong bay cruise day,90,17,2.3,51,0.51,Informational,Ubersuggest match_keywords | Google autocomplete suggestions,United States,en,2026-09-24
halong bay cruise packages,90,31,1.03,1,0.01,Commercial,Ubersuggest match_keywords,United States,en,2026-09-24
halong bay cruise party,90,16,1.34,34,0.34,,Ubersuggest match_keywords | Google autocomplete suggestions,United States,en,2026-09-24
halong bay cruise port,90,34,0.7,20,0.2,Navigational,Ubersuggest match_keywords | Google autocomplete suggestions | Google autocomplete comparisons,United States,en,2026-09-24
best overnight halong bay cruise,70,19,3.06,67,0.67,Commercial,Ubersuggest match_keywords,United States,en,2026-09-24
halong bay cruise prices,70,13,2.09,38,0.38,Commercial,Ubersuggest match_keywords,United States,en,2026-09-24
halong bay cruise reddit,70,30,3.86,4,0.04,Informational,Ubersuggest match_keywords | Google autocomplete suggestions,United States,en,2026-09-24
private halong bay cruise,70,19,3.75,73,0.73,Commercial,Ubersuggest match_keywords,United States,en,2026-09-24
ambassador cruise halong bay cruise,50,5,0,1,0,,Ubersuggest match_keywords,United States,en,2026-09-24
halong bay cruise accident,50,46,0,1,0,Informational,Ubersuggest match_keywords | Google autocomplete suggestions | Google autocomplete comparisons,United States,en,2026-09-24
halong bay cruise booking,50,30,4.665,82,0.82,,Ubersuggest match_keywords | Google autocomplete suggestions | Google autocomplete comparisons,United States,en,2026-09-24
halong bay cruise budget,50,17,2.16,67,0.67,Commercial,Ubersuggest match_keywords | Google autocomplete suggestions,United States,en,2026-09-24
halong bay cruise ginger,50,20,1.64,47,0.47,,Ubersuggest match_keywords | Google autocomplete suggestions,United States,en,2026-09-24
halong bay cruise junk,50,19,1.235,44,0.44,,Ubersuggest match_keywords | Google autocomplete suggestions,United States,en,2026-09-24
halong bay cruise terminal,50,20,0,15,0.15,Navigational,Ubersuggest match_keywords | Google autocomplete suggestions,United States,en,2026-09-24
most luxurious halong bay cruise,50,16,3.38,66,0.66,Commercial,Ubersuggest match_keywords,United States,en,2026-09-24
best halong bay cruise 2 nights,40,9,1.565,11,0.11,,Ubersuggest match_keywords,United States,en,2026-09-24
book halong bay cruise,40,29,4.64,72,0.72,Commercial,Ubersuggest match_keywords,United States,en,2026-09-24
day trip halong bay cruise,40,21,0,1,0,Transactional,Ubersuggest match_keywords,United States,en,2026-09-24
grand pioneers halong bay cruise reviews,40,25,3.66,79,0.79,Commercial,Ubersuggest match_keywords,United States,en,2026-09-24
halong bay cruise ship,40,54,1.9,55,0.55,Commercial,Ubersuggest match_keywords | Google autocomplete suggestions,United States,en,2026-09-24
halong bay cruise tour,40,25,6.35,70,0.7,Commercial,Ubersuggest match_keywords | Google autocomplete suggestions,United States,en,2026-09-24
mon cheri halong bay cruise,40,25,3.26,65,0.65,Navigational,Ubersuggest match_keywords,United States,en,2026-09-24
ambassador halong bay cruise,30,28,2.01,76,0.76,,Ubersuggest match_keywords,United States,en,2026-09-24
aspira halong bay cruise,30,24,6.4,84,0.84,Transactional,Ubersuggest match_keywords,United States,en,2026-09-24
elite of the seas halong bay cruise,30,8,2.02,8,0.08,,Ubersuggest match_keywords,United States,en,2026-09-24
grand pioneers halong bay cruise 2,30,24,4.92,83,0.83,Transactional,Ubersuggest match_keywords,United States,en,2026-09-24
grand pioneers halong bay cruise photos,30,19,1.49,32,0.32,Commercial,Ubersuggest match_keywords,United States,en,2026-09-24
halong bay cruise 3 nights,30,27,3.3,75,0.75,Commercial,Ubersuggest match_keywords | Google autocomplete suggestions,United States,en,2026-09-24
halong bay cruise 5 star,30,45,3.12,83,0.83,Commercial,Ubersuggest match_keywords | Google autocomplete suggestions,United States,en,2026-09-24
halong bay cruise cheap,30,15,1.07,47,0.47,Commercial,Ubersuggest match_keywords | Google autocomplete suggestions,United States,en,2026-09-24
halong bay cruise cost,30,17,0.8,32,0.32,Commercial,Ubersuggest match_keywords | Google autocomplete suggestions,United States,en,2026-09-24
halong bay cruise dragon legend,30,24,4.22,86,0.86,Commercial,Ubersuggest match_keywords,United States,en,2026-09-24
halong bay cruise family,30,17,2.1,21,0.21,Commercial,Ubersuggest match_keywords,United States,en,2026-09-24
halong bay cruise hunter,30,23,0,56,0.57,Navigational,Ubersuggest match_keywords,United States,en,2026-09-24
halong bay cruise one day,30,15,1.85,74,0.74,Commercial,Ubersuggest match_keywords | Google autocomplete suggestions,United States,en,2026-09-24
halong bay cruise review,30,13,4.96,28,0.29,Commercial,Ubersuggest match_keywords,United States,en,2026-09-24
halong bay cruise room,30,22,5.28,39,0.39,Commercial,Ubersuggest match_keywords,United States,en,2026-09-24
halong bay cruise tripadvisor,30,27,1.13,21,0.21,Navigational,Ubersuggest match_keywords | Google autocomplete suggestions,United States,en,2026-09-24
halong bay cruise violet,30,18,2.085,19,0.19,Commercial,Ubersuggest match_keywords,United States,en,2026-09-24
peony halong bay cruise,30,28,3.01,96,0.96,Commercial,Ubersuggest match_keywords,United States,en,2026-09-24
tripadvisor halong bay cruise,30,27,3.9,38,0.38,Navigational,Ubersuggest match_keywords,United States,en,2026-09-24
viator halong bay cruise,30,24,1.58,63,0.63,Commercial,Ubersuggest match_keywords,United States,en,2026-09-24
5 star halong bay cruise,20,28,1.63,75,0.75,,Ubersuggest match_keywords,United States,en,2026-09-24
best 2 night halong bay cruise,20,27,3.68,72,0.72,,Ubersuggest match_keywords,United States,en,2026-09-24
best halong bay cruise 1 night,20,27,1.15,73,0.73,,Ubersuggest match_keywords,United States,en,2026-09-24
grand pioneers halong bay cruise 1,20,36,2.765,100,1,,Ubersuggest match_keywords,United States,en,2026-09-24
halong bay cruise 1 night from hanoi,20,32,3,89,0.89,,Ubersuggest match_keywords | Google autocomplete suggestions,United States,en,2026-09-24
halong bay cruise 2 nights 3 days,20,31,4.09,86,0.86,,Ubersuggest match_keywords | Google autocomplete suggestions,United States,en,2026-09-24
halong bay cruise companies,20,14,3.12,27,0.27,,Ubersuggest match_keywords | Google autocomplete suggestions,United States,en,2026-09-24
halong bay cruise hanoi,20,27,0,71,0.71,,Ubersuggest match_keywords | Google autocomplete suggestions,United States,en,2026-09-24
halong bay cruise indochina,20,24,1.59,63,0.63,,Ubersuggest match_keywords,United States,en,2026-09-24
halong bay cruise itinerary,20,15,1.365,32,0.32,,Ubersuggest match_keywords | Google autocomplete suggestions,United States,en,2026-09-24
is halong bay cruise worth it,20,9,1.13,13,0.13,,Ubersuggest match_keywords | Google autocomplete suggestions | Google autocomplete questions | Google autocomplete prepositions | Google autocomplete comparisons,United States,en,2026-09-24
activities in halong bay cruise,10,5,0,1,0,,Ubersuggest match_keywords | Google autocomplete prepositions,United States,en,2026-09-24
agoda halong bay cruise,10,23,2.03,56,0.57,,Ubersuggest match_keywords | Google autocomplete suggestions,United States,en,2026-09-24
aphrodite halong bay cruise,10,5,0,1,0,,Ubersuggest match_keywords,United States,en,2026-09-24
athena halong bay cruise,10,19,2.47,45,0.45,,Ubersuggest match_keywords,United States,en,2026-09-24
best budget halong bay cruise,10,31,0,86,0.86,,Ubersuggest match_keywords,United States,en,2026-09-24
best cheap halong bay cruise,10,5,0,1,0,,Ubersuggest match_keywords,United States,en,2026-09-24
best halong bay cruise day trip,10,31,0,86,0.86,,Ubersuggest match_keywords,United States,en,2026-09-24
best halong bay cruise for couples,10,5,0,1,0,,Ubersuggest match_keywords,United States,en,2026-09-24
best halong bay cruise for vegetarians,10,5,0,1,0,,Ubersuggest match_keywords,United States,en,2026-09-24
best halong bay cruise review,10,5,0,1,0,,Ubersuggest match_keywords,United States,en,2026-09-24
best route for halong bay cruise,10,10,0,14,0.14,,Ubersuggest match_keywords,United States,en,2026-09-24
best value halong bay cruise,10,30,1.555,81,0.81,,Ubersuggest match_keywords,United States,en,2026-09-24
booking com halong bay cruise,10,22,0,54,0.54,,Ubersuggest match_keywords,United States,en,2026-09-24
cat ba island or halong bay cruise,10,5,0,1,0,,Ubersuggest match_keywords,United States,en,2026-09-24
da nang to halong bay cruise price,10,5,0,1,0,,Ubersuggest match_keywords,United States,en,2026-09-24
danang to halong bay cruise,10,5,0,1,0,,Ubersuggest match_keywords,United States,en,2026-09-24
essence grand halong bay cruise,10,5,0,1,0,,Ubersuggest match_keywords,United States,en,2026-09-24
genesis halong bay cruise,10,21,1.855,50,0.5,,Ubersuggest match_keywords,United States,en,2026-09-24
halal halong bay cruise,10,5,0,1,0,,Ubersuggest match_keywords,United States,en,2026-09-24
halong bay cruise 1 day tour,10,31,0,86,0.86,,Ubersuggest match_keywords | Google autocomplete suggestions,United States,en,2026-09-24
halong bay cruise 2 days 1 night from hanoi,10,28,3.495,75,0.75,,Ubersuggest match_keywords | Google autocomplete suggestions,United States,en,2026-09-24
halong bay cruise 2 days 1 night luxury,10,28,1.915,75,0.75,,Ubersuggest match_keywords | Google autocomplete suggestions,United States,en,2026-09-24
halong bay cruise 2 days 1 night price,10,31,0,86,0.86,,Ubersuggest match_keywords | Google autocomplete suggestions,United States,en,2026-09-24
halong bay cruise 4 hours,10,36,0,100,1,,Ubersuggest match_keywords | Google autocomplete suggestions,United States,en,2026-09-24
halong bay cruise agoda,10,24,2.28,63,0.63,,Ubersuggest match_keywords | Google autocomplete suggestions,United States,en,2026-09-24
halong bay cruise alternative,10,29,0,79,0.79,,Ubersuggest match_keywords | Google autocomplete suggestions,United States,en,2026-09-24
halong bay cruise bathtub,10,5,0,1,0,,Ubersuggest match_keywords | Google autocomplete suggestions,United States,en,2026-09-24
halong bay cruise best price,10,5,0,1,0,,Ubersuggest match_keywords,United States,en,2026-09-24
halong bay cruise best route,10,5,0,1,0,,Ubersuggest match_keywords,United States,en,2026-09-24
halong bay cruise blog,10,5,0,1,0,,Ubersuggest match_keywords,United States,en,2026-09-24
halong bay cruise booking com,10,22,0,54,0.54,,Ubersuggest match_keywords,United States,en,2026-09-24
halong bay cruise cabin,10,5,0,1,0,,Ubersuggest match_keywords | Google autocomplete suggestions,United States,en,2026-09-24
halong bay cruise cancelled today,10,5,0,1,0,,Ubersuggest match_keywords | Google autocomplete suggestions,United States,en,2026-09-24
halong bay cruise capsize,10,5,0,1,0,,Ubersuggest match_keywords | Google autocomplete suggestions,United States,en,2026-09-24
halong bay cruise check in time,10,23,0,56,0.57,,Ubersuggest match_keywords | Google autocomplete suggestions,United States,en,2026-09-24
halong bay cruise check out time,10,14,0,28,0.29,,Ubersuggest match_keywords | Google autocomplete suggestions,United States,en,2026-09-24
halong bay cruise comparison,10,31,0,86,0.86,,Ubersuggest match_keywords,United States,en,2026-09-24
halong bay cruise day trip from hanoi,10,23,0,56,0.57,,Ubersuggest match_keywords | Google autocomplete suggestions,United States,en,2026-09-24
halong bay cruise day trip price,10,27,0,71,0.71,,Ubersuggest match_keywords | Google autocomplete suggestions,United States,en,2026-09-24
halong bay cruise december,10,18,0,43,0.43,,Ubersuggest match_keywords | Google autocomplete suggestions,United States,en,2026-09-24
halong bay cruise disaster,10,5,0,1,0,,Ubersuggest match_keywords,United States,en,2026-09-24
halong bay cruise family room,10,31,0,86,0.86,,Ubersuggest match_keywords | Google autocomplete suggestions,United States,en,2026-09-24
halong bay cruise for young people,10,5,0,1,0,,Ubersuggest match_keywords,United States,en,2026-09-24
halong bay cruise from hai phong,10,31,0,86,0.86,,Ubersuggest match_keywords,United States,en,2026-09-24
halong bay cruise from sapa,10,5,0,1,0,,Ubersuggest match_keywords,United States,en,2026-09-24
halong bay cruise guide,10,5,0,1,0,,Ubersuggest match_keywords | Google autocomplete suggestions,United States,en,2026-09-24
halong bay cruise hotel,10,5,0,1,0,,Ubersuggest match_keywords,United States,en,2026-09-24
halong bay cruise how long,10,5,0,1,0,,Ubersuggest match_keywords,United States,en,2026-09-24
halong bay cruise images,10,5,0,1,0,,Ubersuggest match_keywords | Google autocomplete suggestions,United States,en,2026-09-24
halong bay cruise in january,10,12,0,21,0.21,,Ubersuggest match_keywords | Google autocomplete suggestions,United States,en,2026-09-24
halong bay cruise incident,10,5,0,1,0,,Ubersuggest match_keywords | Google autocomplete suggestions,United States,en,2026-09-24
halong bay cruise is it worth it,10,5,0,1,0,,Ubersuggest match_keywords | Google autocomplete suggestions,United States,en,2026-09-24
halong bay cruise july,10,5,0,1,0,,Ubersuggest match_keywords | Google autocomplete suggestions,United States,en,2026-09-24
halong bay cruise june,10,16,0,36,0.36,,Ubersuggest match_keywords | Google autocomplete suggestions,United States,en,2026-09-24
halong bay cruise last minute,10,5,0,1,0,,Ubersuggest match_keywords,United States,en,2026-09-24
halong bay cruise lines,10,27,0,71,0.71,,Ubersuggest match_keywords | Google autocomplete suggestions,United States,en,2026-09-24
halong bay cruise location,10,10,0,14,0.14,,Ubersuggest match_keywords | Google autocomplete suggestions,United States,en,2026-09-24
halong bay cruise lonely planet,10,5,0,1,0,,Ubersuggest match_keywords,United States,en,2026-09-24
halong bay cruise luggage,10,5,0,1,0,,Ubersuggest match_keywords | Google autocomplete suggestions,United States,en,2026-09-24
halong bay cruise march,10,27,0,71,0.71,,Ubersuggest match_keywords | Google autocomplete suggestions,United States,en,2026-09-24
halong bay cruise mid range,10,8,0,7,0.07,,Ubersuggest match_keywords | Google autocomplete suggestions,United States,en,2026-09-24
halong bay cruise name,10,5,0,1,0,,Ubersuggest match_keywords | Google autocomplete suggestions,United States,en,2026-09-24
halong bay cruise new year,10,5,0,1,0,,Ubersuggest match_keywords | Google autocomplete suggestions,United States,en,2026-09-24
halong bay cruise new years eve,10,31,0,86,0.86,,Ubersuggest match_keywords | Google autocomplete suggestions,United States,en,2026-09-24
halong bay cruise night,10,5,0,1,0,,Ubersuggest match_keywords | Google autocomplete suggestions,United States,en,2026-09-24
halong bay cruise on a budget,10,5,0,1,0,,Ubersuggest match_keywords,United States,en,2026-09-24
halong bay cruise one night,10,23,0,56,0.57,,Ubersuggest match_keywords | Google autocomplete suggestions,United States,en,2026-09-24
halong bay cruise or hotel,10,5,0,1,0,,Ubersuggest match_keywords | Google autocomplete comparisons,United States,en,2026-09-24
halong bay cruise overnight price,10,5,0,1,0,,Ubersuggest match_keywords | Google autocomplete suggestions | Google autocomplete questions | Google autocomplete prepositions | Google autocomplete comparisons,United States,en,2026-09-24
halong bay cruise overnight tripadvisor,10,5,0,1,0,,Ubersuggest match_keywords,United States,en,2026-09-24
halong bay cruise photos,10,5,0,1,0,,Ubersuggest match_keywords,United States,en,2026-09-24
halong bay cruise port map,10,5,0,1,0,,Ubersuggest match_keywords | Google autocomplete suggestions,United States,en,2026-09-24
halong bay cruise price 1 day,10,5,0,1,0,,Ubersuggest match_keywords,United States,en,2026-09-24
halong bay cruise price in inr,10,5,0,1,0,,Ubersuggest match_keywords | Google autocomplete suggestions,United States,en,2026-09-24
halong bay cruise recommendations,10,16,3.155,34,0.34,,Ubersuggest match_keywords | Google autocomplete suggestions,United States,en,2026-09-24
halong bay cruise route,10,11,0,17,0.17,,Ubersuggest match_keywords | Google autocomplete suggestions,United States,en,2026-09-24
halong bay cruise schedule,10,5,0,1,0,,Ubersuggest match_keywords | Google autocomplete suggestions,United States,en,2026-09-24
halong bay cruise ship terminal,10,5,0,1,0,,Ubersuggest match_keywords,United States,en,2026-09-24
halong bay cruise sink,10,5,0,1,0,,Ubersuggest match_keywords | Google autocomplete suggestions,United States,en,2026-09-24
halong bay cruise solo,10,5,0,1,0,,Ubersuggest match_keywords,United States,en,2026-09-24
halong bay cruise start time,10,10,0,14,0.14,,Ubersuggest match_keywords | Google autocomplete suggestions,United States,en,2026-09-24
halong bay cruise starting point,10,5,0,1,0,,Ubersuggest match_keywords | Google autocomplete suggestions,United States,en,2026-09-24
halong bay cruise stay,10,31,0,86,0.86,,Ubersuggest match_keywords | Google autocomplete suggestions,United States,en,2026-09-24
halong bay cruise time,10,18,0,43,0.43,,Ubersuggest match_keywords,United States,en,2026-09-24
halong bay cruise timetable,10,5,0,1,0,,Ubersuggest match_keywords | Google autocomplete suggestions,United States,en,2026-09-24
halong bay cruise timings,10,5,0,1,0,,Ubersuggest match_keywords | Google autocomplete suggestions,United States,en,2026-09-24
halong bay cruise to da nang,10,5,0,1,0,,Ubersuggest match_keywords | Google autocomplete suggestions,United States,en,2026-09-24
halong bay cruise to hanoi airport,10,13,0,25,0.25,,Ubersuggest match_keywords | Google autocomplete suggestions,United States,en,2026-09-24
halong bay cruise tour from hanoi,10,5,0,1,0,,Ubersuggest match_keywords | Google autocomplete suggestions,United States,en,2026-09-24
halong bay cruise trip,10,5,0,1,0,,Ubersuggest match_keywords,United States,en,2026-09-24
halong bay cruise uk,10,5,0,1,0,,Ubersuggest match_keywords,United States,en,2026-09-24
halong bay cruise vegetarian,10,5,0,1,0,,Ubersuggest match_keywords | Google autocomplete suggestions,United States,en,2026-09-24
halong bay cruise weather,10,5,0,1,0,,Ubersuggest match_keywords | Google autocomplete suggestions,United States,en,2026-09-24
halong bay cruise wifi,10,5,0,1,0,,Ubersuggest match_keywords,United States,en,2026-09-24
halong bay cruise with indian food,10,18,0,43,0.43,,Ubersuggest match_keywords | Google autocomplete suggestions,United States,en,2026-09-24
halong bay cruise with slide,10,31,0,86,0.86,,Ubersuggest match_keywords | Google autocomplete suggestions,United States,en,2026-09-24
halong bay cruise with transfer,10,5,0,1,0,,Ubersuggest match_keywords,United States,en,2026-09-24
halong bay cruise young people,10,5,0,1,0,,Ubersuggest match_keywords | Google autocomplete suggestions,United States,en,2026-09-24
hanoi to halong bay cruise package,10,31,0,86,0.86,,Ubersuggest match_keywords | Google autocomplete prepositions,United States,en,2026-09-24
hanoi to halong bay cruise price,10,5,0,1,0,,Ubersuggest match_keywords | Google autocomplete prepositions,United States,en,2026-09-24
hanoi to halong bay cruise time,10,5,0,1,0,,Ubersuggest match_keywords | Google autocomplete prepositions,United States,en,2026-09-24
how long is halong bay cruise,10,11,0,19,0.19,,Ubersuggest match_keywords | Google autocomplete prepositions,United States,en,2026-09-24
how many days for halong bay cruise,10,5,0,1,0,,Ubersuggest match_keywords,United States,en,2026-09-24
how much halong bay cruise,10,18,1.44,43,0.43,,Ubersuggest match_keywords | Google autocomplete questions | Google autocomplete prepositions,United States,en,2026-09-24
how to choose halong bay cruise,10,5,0,1,0,,Ubersuggest match_keywords | Google autocomplete questions,United States,en,2026-09-24
how to choose the best halong bay cruise,10,5,0,1,0,,Ubersuggest match_keywords,United States,en,2026-09-24
is halong bay cruise safe,10,5,0,1,0,,Ubersuggest match_keywords | Google autocomplete questions | Google autocomplete prepositions,United States,en,2026-09-24
is it cheaper to book halong bay cruise in vietnam,10,23,2.34,56,0.57,,Ubersuggest match_keywords | Google autocomplete questions,United States,en,2026-09-24
lavender halong bay cruise,10,5,0,1,0,,Ubersuggest match_keywords,United States,en,2026-09-24
mid range halong bay cruise,10,5,0,1,0,,Ubersuggest match_keywords,United States,en,2026-09-24
oasis bay halong bay cruise,10,24,1.975,61,0.61,,Ubersuggest match_keywords,United States,en,2026-09-24
paradise sails halong bay cruise,10,5,0,1,0,,Ubersuggest match_keywords,United States,en,2026-09-24
scarlet pearl halong bay cruise,10,25,0,64,0.64,,Ubersuggest match_keywords,United States,en,2026-09-24
signature royal halong bay cruise,10,5,0,1,0,,Ubersuggest match_keywords,United States,en,2026-09-24
the best halong bay cruise,10,5,0,1,0,,Ubersuggest match_keywords,United States,en,2026-09-24
vietnam halong bay cruise accident,10,5,0,1,0,,Ubersuggest match_keywords,United States,en,2026-09-24
vietnam halong bay cruise booking,10,5,0,1,0,,Ubersuggest match_keywords,United States,en,2026-09-24
what to pack for halong bay cruise,10,5,0,1,0,,Ubersuggest match_keywords,United States,en,2026-09-24
what to wear halong bay cruise,10,16,0,36,0.36,,Ubersuggest match_keywords | Google autocomplete questions,United States,en,2026-09-24
what to wear in halong bay cruise,10,36,0,100,1,,Ubersuggest match_keywords,United States,en,2026-09-24
where is halong bay cruise,10,12,0,21,0.21,,Ubersuggest match_keywords | Google autocomplete questions,United States,en,2026-09-24
which halong bay cruise,10,5,0,1,0,,Ubersuggest match_keywords | Google autocomplete questions,United States,en,2026-09-24
which halong bay cruise is the best,10,27,0,71,0.71,,Ubersuggest match_keywords | Google autocomplete questions,United States,en,2026-09-24
wonder sea boat halong bay cruise,10,5,0,1,0,,Ubersuggest match_keywords,United States,en,2026-09-24
1 night vs 2 night halong bay cruise,0,4,0,1,0,,Ubersuggest match_keywords,United States,en,2026-09-24
2d1n halong bay cruise klook,0,4,0,1,0,,Ubersuggest match_keywords | Google autocomplete suggestions,United States,en,2026-09-24
2d1n orchid trendy halong bay cruise,0,4,0,1,0,,Ubersuggest match_keywords,United States,en,2026-09-24
5 star luxury halong bay cruise,0,4,0,1,0,,Ubersuggest match_keywords,United States,en,2026-09-24
au co halong bay cruise reviews,0,4,0,1,0,,Ubersuggest match_keywords,United States,en,2026-09-24
best 3d2n halong bay cruise,0,4,0,1,0,,Ubersuggest match_keywords,United States,en,2026-09-24
best 4 star halong bay cruise,0,4,0,1,0,,Ubersuggest match_keywords,United States,en,2026-09-24
best all inclusive halong bay cruise,0,4,0,1,0,,Ubersuggest match_keywords,United States,en,2026-09-24
best halong bay cruise 1 day,0,4,0,1,0,,Ubersuggest match_keywords,United States,en,2026-09-24
best halong bay cruise 1 night reddit,0,4,0,1,0,,Ubersuggest match_keywords | Google autocomplete suggestions,United States,en,2026-09-24
best halong bay cruise 2 days 1 night reddit,0,4,0,1,0,,Ubersuggest match_keywords,United States,en,2026-09-24
best halong bay cruise 2 nights reddit,0,4,0,1,0,,Ubersuggest match_keywords,United States,en,2026-09-24
best halong bay cruise 2023,0,4,0,1,0,,Ubersuggest match_keywords,United States,en,2026-09-24
best halong bay cruise 2024,0,4,0,1,0,,Ubersuggest match_keywords,United States,en,2026-09-24
best halong bay cruise 2025,0,4,0,1,0,,Ubersuggest match_keywords,United States,en,2026-09-24
best halong bay cruise 2026,0,4,0,1,0,,Ubersuggest match_keywords,United States,en,2026-09-24
best halong bay cruise 3 days,0,4,0,1,0,,Ubersuggest match_keywords,United States,en,2026-09-24
best halong bay cruise 3 nights,0,4,0,1,0,,Ubersuggest match_keywords | Google autocomplete suggestions,United States,en,2026-09-24
best halong bay cruise 5 star,0,4,0,1,0,,Ubersuggest match_keywords | Google autocomplete suggestions,United States,en,2026-09-24
best halong bay cruise boat,0,4,0,1,0,,Ubersuggest match_keywords,United States,en,2026-09-24
best halong bay cruise for honeymoon,0,4,0,1,0,,Ubersuggest match_keywords,United States,en,2026-09-24
best halong bay cruise for indians,0,4,0,1,0,,Ubersuggest match_keywords,United States,en,2026-09-24
best halong bay cruise for seniors,0,4,0,1,0,,Ubersuggest match_keywords,United States,en,2026-09-24
best halong bay cruise in vietnam,0,4,0,1,0,,Ubersuggest match_keywords,United States,en,2026-09-24
best halong bay cruise kids,0,4,0,1,0,,Ubersuggest match_keywords | Google autocomplete suggestions,United States,en,2026-09-24
best halong bay cruise lines,0,4,0,1,0,,Ubersuggest match_keywords,United States,en,2026-09-24
best halong bay cruise one night,0,4,0,1,0,,Ubersuggest match_keywords,United States,en,2026-09-24
best halong bay cruise operators,0,4,0,1,0,,Ubersuggest match_keywords,United States,en,2026-09-24
best halong bay cruise options,0,4,0,1,0,,Ubersuggest match_keywords,United States,en,2026-09-24
best halong bay cruise with indian food,0,4,0,1,0,,Ubersuggest match_keywords,United States,en,2026-09-24
best halong bay cruise with kids,0,4,0,1,0,,Ubersuggest match_keywords,United States,en,2026-09-24
best halong bay cruise with toddler,0,4,0,1,0,,Ubersuggest match_keywords,United States,en,2026-09-24
best itinerary for halong bay cruise,0,4,0,1,0,,Ubersuggest match_keywords,United States,en,2026-09-24
best luxury halong bay cruise reddit,0,4,0,1,0,,Ubersuggest match_keywords,United States,en,2026-09-24
best month for halong bay cruise,0,4,0,1,0,,Ubersuggest match_keywords,United States,en,2026-09-24
best price halong bay cruise,0,4,0,1,0,,Ubersuggest match_keywords,United States,en,2026-09-24
best price travel halong bay cruise,0,4,0,1,0,,Ubersuggest match_keywords,United States,en,2026-09-24
best rated halong bay cruise,0,4,0,1,0,,Ubersuggest match_keywords,United States,en,2026-09-24
best site to book halong bay cruise,0,4,0,1,0,,Ubersuggest match_keywords,United States,en,2026-09-24
best time of year for halong bay cruise,0,4,0,1,0,,Ubersuggest match_keywords,United States,en,2026-09-24
best time to go halong bay cruise,0,4,0,1,0,,Ubersuggest match_keywords,United States,en,2026-09-24
best vietnam halong bay cruise,0,4,0,1,0,,Ubersuggest match_keywords,United States,en,2026-09-24
best way to book a halong bay cruise,0,4,0,1,0,,Ubersuggest match_keywords,United States,en,2026-09-24
best way to book halong bay cruise reddit,0,4,0,1,0,,Ubersuggest match_keywords,United States,en,2026-09-24
bhaya classic overnight halong bay cruise,0,4,0,1,0,,Ubersuggest match_keywords,United States,en,2026-09-24
book halong bay cruise from hanoi,0,4,0,1,0,,Ubersuggest match_keywords,United States,en,2026-09-24
buffalo hostel halong bay cruise,0,4,0,1,0,,Ubersuggest match_keywords,United States,en,2026-09-24
calista halong bay cruise price,0,4,0,1,0,,Ubersuggest match_keywords,United States,en,2026-09-24
capella cruise halong bay cruise,0,4,0,1,0,,Ubersuggest match_keywords,United States,en,2026-09-24
cat ba or halong bay cruise,0,4,0,1,0,,Ubersuggest match_keywords,United States,en,2026-09-24
cat ba vs halong bay cruise,0,4,0,1,0,,Ubersuggest match_keywords,United States,en,2026-09-24
cheap and best halong bay cruise,0,4,0,1,0,,Ubersuggest match_keywords,United States,en,2026-09-24
cost for halong bay cruise,0,4,0,1,0,,Ubersuggest match_keywords,United States,en,2026-09-24
day trip to halong bay cruise,0,4,0,1,0,,Ubersuggest match_keywords,United States,en,2026-09-24
deluxe halong bay cruise,0,4,0,1,0,,Ubersuggest match_keywords,United States,en,2026-09-24
discova vietnam halong bay cruise,0,4,0,1,0,,Ubersuggest match_keywords,United States,en,2026-09-24
do i need to book halong bay cruise in advance,0,4,0,1,0,,Ubersuggest match_keywords,United States,en,2026-09-24
do you need cash on halong bay cruise,0,4,0,1,0,,Ubersuggest match_keywords,United States,en,2026-09-24
full day halong bay cruise with swimming & kayak tour,0,4,0,1,0,,Ubersuggest match_keywords,United States,en,2026-09-24
gate 1 travel halong bay cruise,0,4,0,1,0,,Ubersuggest match_keywords,United States,en,2026-09-24
genesis luxury halong bay cruise,0,4,0,1,0,,Ubersuggest match_keywords,United States,en,2026-09-24
grand pioneers cruise luxury halong bay cruise official site,0,4,0,1,0,,Ubersuggest match_keywords,United States,en,2026-09-24
grand pioneers halong bay cruise 1 and 2,0,4,0,1,0,,Ubersuggest match_keywords,United States,en,2026-09-24
grand pioneers halong bay cruise 1 itinerary,0,4,0,1,0,,Ubersuggest match_keywords,United States,en,2026-09-24
grand pioneers halong bay cruise 1 ngoc chau street,0,4,0,1,0,,Ubersuggest match_keywords,United States,en,2026-09-24
grand pioneers halong bay cruise 1 reviews,0,4,0,1,0,,Ubersuggest match_keywords,United States,en,2026-09-24
grand pioneers halong bay cruise 1 vs 2,0,4,0,1,0,,Ubersuggest match_keywords,United States,en,2026-09-24
grand pioneers halong bay cruise 2 itinerary,0,4,0,1,0,,Ubersuggest match_keywords,United States,en,2026-09-24
grand pioneers halong bay cruise 2 photos,0,4,0,1,0,,Ubersuggest match_keywords,United States,en,2026-09-24
grand pioneers halong bay cruise 2 price,0,4,0,1,0,,Ubersuggest match_keywords,United States,en,2026-09-24
grand pioneers halong bay cruise 2 reviews,0,4,0,1,0,,Ubersuggest match_keywords,United States,en,2026-09-24
grand pioneers halong bay cruise agoda,0,4,0,1,0,,Ubersuggest match_keywords,United States,en,2026-09-24
grand pioneers halong bay cruise ảnh,0,4,0,1,0,,Ubersuggest match_keywords,United States,en,2026-09-24
grand pioneers halong bay cruise by owner,0,4,0,1,0,,Ubersuggest match_keywords,United States,en,2026-09-24
grand pioneers halong bay cruise capacity,0,4,0,1,0,,Ubersuggest match_keywords,United States,en,2026-09-24
grand pioneers halong bay cruise cost,0,4,0,1,0,,Ubersuggest match_keywords,United States,en,2026-09-24
grand pioneers halong bay cruise fotos,0,4,0,1,0,,Ubersuggest match_keywords,United States,en,2026-09-24
grand pioneers halong bay cruise itinerary,0,4,0,1,0,,Ubersuggest match_keywords,United States,en,2026-09-24
grand pioneers halong bay cruise mấy sao,0,4,0,1,0,,Ubersuggest match_keywords,United States,en,2026-09-24
grand pioneers halong bay cruise menu,0,4,0,1,0,,Ubersuggest match_keywords,United States,en,2026-09-24
grand pioneers halong bay cruise preise,0,4,0,1,0,,Ubersuggest match_keywords,United States,en,2026-09-24
grand pioneers halong bay cruise price,0,4,0,1,0,,Ubersuggest match_keywords,United States,en,2026-09-24
grand pioneers halong bay cruise reddit,0,4,0,1,0,,Ubersuggest match_keywords,United States,en,2026-09-24
grand pioneers halong bay cruise rooms,0,4,0,1,0,,Ubersuggest match_keywords,United States,en,2026-09-24
grand pioneers halong bay cruise transfer,0,4,0,1,0,,Ubersuggest match_keywords,United States,en,2026-09-24
grand pioneers halong bay cruise tripadvisor,0,4,0,1,0,,Ubersuggest match_keywords,United States,en,2026-09-24
grand pioneers halong bay cruise veranda suite,0,4,0,1,0,,Ubersuggest match_keywords,United States,en,2026-09-24
grand pioneers halong bay cruise vietnam,0,4,0,1,0,,Ubersuggest match_keywords,United States,en,2026-09-24
grand pioneers halong bay cruise youtube,0,4,0,1,0,,Ubersuggest match_keywords | Google autocomplete suggestions,United States,en,2026-09-24
group halong bay cruise itinerary,0,4,0,1,0,,Ubersuggest match_keywords,United States,en,2026-09-24
half day halong bay cruise,0,4,0,1,0,,Ubersuggest match_keywords,United States,en,2026-09-24
halong bay cruise 1 day from hanoi,0,4,0,1,0,,Ubersuggest match_keywords | Google autocomplete suggestions,United States,en,2026-09-24
halong bay cruise 1 day itinerary,0,4,0,1,0,,Ubersuggest match_keywords,United States,en,2026-09-24
halong bay cruise 1 day price,0,4,0,1,0,,Ubersuggest match_keywords | Google autocomplete suggestions,United States,en,2026-09-24
halong bay cruise 1 day trip,0,4,0,1,0,,Ubersuggest match_keywords | Google autocomplete suggestions,United States,en,2026-09-24
halong bay cruise 1 night 2 days,0,4,0,1,0,,Ubersuggest match_keywords | Google autocomplete suggestions,United States,en,2026-09-24
halong bay cruise 1 night 5 star,0,4,0,1,0,,Ubersuggest match_keywords | Google autocomplete suggestions,United States,en,2026-09-24
halong bay cruise 1 night booking,0,4,0,1,0,,Ubersuggest match_keywords | Google autocomplete suggestions,United States,en,2026-09-24
halong bay cruise 1 night for 2 nights,0,4,0,1,0,,Ubersuggest match_keywords | Google autocomplete suggestions | Google autocomplete comparisons,United States,en,2026-09-24
halong bay cruise 1 night klook,0,4,0,1,0,,Ubersuggest match_keywords | Google autocomplete suggestions,United States,en,2026-09-24
halong bay cruise 1 night luxury,0,4,0,1,0,,Ubersuggest match_keywords | Google autocomplete suggestions,United States,en,2026-09-24
halong bay cruise 1 night reddit,0,4,0,1,0,,Ubersuggest match_keywords,United States,en,2026-09-24
halong bay cruise 1 night review,0,4,0,1,0,,Ubersuggest match_keywords | Google autocomplete suggestions,United States,en,2026-09-24
halong bay cruise 1 night stay price,0,4,0,1,0,,Ubersuggest match_keywords | Google autocomplete suggestions,United States,en,2026-09-24
halong bay cruise 1 night timings,0,4,0,1,0,,Ubersuggest match_keywords | Google autocomplete suggestions,United States,en,2026-09-24
halong bay cruise 1 night tripadvisor,0,4,0,1,0,,Ubersuggest match_keywords | Google autocomplete suggestions,United States,en,2026-09-24
halong bay cruise 1 night with indian food,0,4,0,1,0,,Ubersuggest match_keywords | Google autocomplete suggestions,United States,en,2026-09-24
halong bay cruise 2 days 1 night from hanoi price,0,4,0,1,0,,Ubersuggest match_keywords,United States,en,2026-09-24
halong bay cruise 2 days 1 night klook,0,4,0,1,0,,Ubersuggest match_keywords | Google autocomplete suggestions,United States,en,2026-09-24
halong bay cruise 2 days 1 night reddit,0,4,0,1,0,,Ubersuggest match_keywords | Google autocomplete suggestions,United States,en,2026-09-24
halong bay cruise 2 days 1 night review,0,4,0,1,0,,Ubersuggest match_keywords,United States,en,2026-09-24
halong bay cruise 2 days 1 night tripadvisor,0,4,0,1,0,,Ubersuggest match_keywords,United States,en,2026-09-24
halong bay cruise 2 days 1 nights,0,4,0,1,0,,Ubersuggest match_keywords | Google autocomplete suggestions,United States,en,2026-09-24
halong bay cruise 2 nights 5 star,0,4,0,1,0,,Ubersuggest match_keywords,United States,en,2026-09-24
halong bay cruise 2 nights booking com,0,4,0,1,0,,Ubersuggest match_keywords,United States,en,2026-09-24
halong bay cruise 2 nights family,0,4,0,1,0,,Ubersuggest match_keywords,United States,en,2026-09-24
halong bay cruise 2 nights from hanoi,0,4,0,1,0,,Ubersuggest match_keywords | Google autocomplete suggestions,United States,en,2026-09-24
halong bay cruise 2 nights itinerary,0,4,0,1,0,,Ubersuggest match_keywords,United States,en,2026-09-24
halong bay cruise 2 nights review,0,4,0,1,0,,Ubersuggest match_keywords,United States,en,2026-09-24
halong bay cruise 2 nights with kids,0,4,0,1,0,,Ubersuggest match_keywords,United States,en,2026-09-24
halong bay cruise 2 or 3 days,0,4,0,1,0,,Ubersuggest match_keywords | Google autocomplete comparisons,United States,en,2026-09-24
halong bay cruise 2025,0,4,0,1,0,,Ubersuggest match_keywords,United States,en,2026-09-24
halong bay cruise 2026,0,4,0,1,0,,Ubersuggest match_keywords,United States,en,2026-09-24
halong bay cruise 3,0,4,0,1,0,,Ubersuggest match_keywords,United States,en,2026-09-24
halong bay cruise 3 people,0,4,0,1,0,,Ubersuggest match_keywords | Google autocomplete suggestions,United States,en,2026-09-24
halong bay cruise 4 days 3 nights price,0,4,0,1,0,,Ubersuggest match_keywords | Google autocomplete suggestions,United States,en,2026-09-24
halong bay cruise 4 nights,0,4,0,1,0,,Ubersuggest match_keywords | Google autocomplete suggestions,United States,en,2026-09-24
halong bay cruise 5 days,0,4,0,1,0,,Ubersuggest match_keywords | Google autocomplete suggestions,United States,en,2026-09-24
halong bay cruise 5 nights,0,4,0,1,0,,Ubersuggest match_keywords | Google autocomplete suggestions,United States,en,2026-09-24
halong bay cruise 6 star,0,4,0,1,0,,Ubersuggest match_keywords | Google autocomplete suggestions,United States,en,2026-09-24
halong bay cruise address,0,4,0,1,0,,Ubersuggest match_keywords,United States,en,2026-09-24
halong bay cruise adult only,0,4,0,1,0,,Ubersuggest match_keywords | Google autocomplete suggestions,United States,en,2026-09-24
halong bay cruise adults only,0,4,0,1,0,,Ubersuggest match_keywords,United States,en,2026-09-24
halong bay cruise alcohol,0,4,0,1,0,,Ubersuggest match_keywords,United States,en,2026-09-24
halong bay cruise amanda luxury,0,4,0,1,0,,Ubersuggest match_keywords | Google autocomplete suggestions,United States,en,2026-09-24
halong bay cruise and cave,0,4,0,1,0,,Ubersuggest match_keywords | Google autocomplete suggestions | Google autocomplete comparisons,United States,en,2026-09-24
halong bay cruise and hotel,0,4,0,1,0,,Ubersuggest match_keywords,United States,en,2026-09-24
halong bay cruise and kayaking,0,4,0,1,0,,Ubersuggest match_keywords | Google autocomplete suggestions | Google autocomplete comparisons,United States,en,2026-09-24
halong bay cruise and ninh binh,0,4,0,1,0,,Ubersuggest match_keywords | Google autocomplete suggestions | Google autocomplete comparisons,United States,en,2026-09-24
halong bay cruise and village combo,0,4,0,1,0,,Ubersuggest match_keywords,United States,en,2026-09-24
halong bay cruise apollo,0,4,0,1,0,,Ubersuggest match_keywords,United States,en,2026-09-24
halong bay cruise aqua of the seas,0,4,0,1,0,,Ubersuggest match_keywords,United States,en,2026-09-24
halong bay cruise arrival time,0,4,0,1,0,,Ubersuggest match_keywords,United States,en,2026-09-24
halong bay cruise aspira,0,4,0,1,0,,Ubersuggest match_keywords | Google autocomplete suggestions,United States,en,2026-09-24
halong bay cruise at night,0,4,0,1,0,,Ubersuggest match_keywords,United States,en,2026-09-24
halong bay cruise athena,0,4,0,1,0,,Ubersuggest match_keywords | Google autocomplete suggestions,United States,en,2026-09-24
halong bay cruise attire,0,4,0,1,0,,Ubersuggest match_keywords,United States,en,2026-09-24
halong bay cruise au co deluxe cabin,0,4,0,1,0,,Ubersuggest match_keywords,United States,en,2026-09-24
halong bay cruise au co executive cabin,0,4,0,1,0,,Ubersuggest match_keywords,United States,en,2026-09-24
halong bay cruise au co long quan suite,0,4,0,1,0,,Ubersuggest match_keywords,United States,en,2026-09-24
halong bay cruise august,0,4,0,1,0,,Ubersuggest match_keywords,United States,en,2026-09-24
halong bay cruise average price,0,4,0,1,0,,Ubersuggest match_keywords,United States,en,2026-09-24
halong bay cruise azura,0,4,0,1,0,,Ubersuggest match_keywords | Google autocomplete suggestions,United States,en,2026-09-24
halong bay cruise bad weather,0,4,0,1,0,,Ubersuggest match_keywords,United States,en,2026-09-24
halong bay cruise beer price,0,4,0,1,0,,Ubersuggest match_keywords,United States,en,2026-09-24
halong bay cruise best food,0,4,0,1,0,,Ubersuggest match_keywords,United States,en,2026-09-24
halong bay cruise best luxury,0,4,0,1,0,,Ubersuggest match_keywords | Google autocomplete suggestions,United States,en,2026-09-24
halong bay cruise best one,0,4,0,1,0,,Ubersuggest match_keywords,United States,en,2026-09-24
halong bay cruise best price travel,0,4,0,1,0,,Ubersuggest match_keywords | Google autocomplete suggestions,United States,en,2026-09-24
halong bay cruise booking tips,0,4,0,1,0,,Ubersuggest match_keywords,United States,en,2026-09-24
halong bay cruise buffalo,0,4,0,1,0,,Ubersuggest match_keywords,United States,en,2026-09-24
halong bay cruise buffet,0,4,0,1,0,,Ubersuggest match_keywords,United States,en,2026-09-24
halong bay cruise calypso cruise,0,4,0,1,0,,Ubersuggest match_keywords,United States,en,2026-09-24
halong bay cruise captions for instagram,0,4,0,1,0,,Ubersuggest match_keywords | Google autocomplete suggestions,United States,en,2026-09-24
halong bay cruise casino,0,4,0,1,0,,Ubersuggest match_keywords,United States,en,2026-09-24
halong bay cruise catherine,0,4,0,1,0,,Ubersuggest match_keywords | Google autocomplete suggestions,United States,en,2026-09-24
halong bay cruise cave visit,0,4,0,1,0,,Ubersuggest match_keywords | Google autocomplete suggestions,United States,en,2026-09-24
halong bay cruise caves,0,4,0,1,0,,Ubersuggest match_keywords,United States,en,2026-09-24
halong bay cruise cooking class,0,4,0,1,0,,Ubersuggest match_keywords,United States,en,2026-09-24
halong bay cruise cost reddit,0,4,0,1,0,,Ubersuggest match_keywords,United States,en,2026-09-24
halong bay cruise crash,0,4,0,1,0,,Ubersuggest match_keywords,United States,en,2026-09-24
halong bay cruise day tour cave kayaking swimming & lunch,0,4,0,1,0,,Ubersuggest match_keywords | Google autocomplete suggestions,United States,en,2026-09-24
halong bay cruise day tour price,0,4,0,1,0,,Ubersuggest match_keywords | Google autocomplete suggestions,United States,en,2026-09-24
halong bay cruise day trip cost,0,4,0,1,0,,Ubersuggest match_keywords | Google autocomplete suggestions,United States,en,2026-09-24
halong bay cruise day trip itinerary,0,4,0,1,0,,Ubersuggest match_keywords | Google autocomplete suggestions,United States,en,2026-09-24
halong bay cruise day trip klook,0,4,0,1,0,,Ubersuggest match_keywords | Google autocomplete suggestions,United States,en,2026-09-24
halong bay cruise day trip or overnight,0,4,0,1,0,,Ubersuggest match_keywords | Google autocomplete suggestions | Google autocomplete comparisons,United States,en,2026-09-24
halong bay cruise day trip reddit,0,4,0,1,0,,Ubersuggest match_keywords | Google autocomplete suggestions,United States,en,2026-09-24
halong bay cruise day trip timings,0,4,0,1,0,,Ubersuggest match_keywords | Google autocomplete suggestions,United States,en,2026-09-24
halong bay cruise deals review,0,4,0,1,0,,Ubersuggest match_keywords,United States,en,2026-09-24
halong bay cruise dinner,0,4,0,1,0,,Ubersuggest match_keywords | Google autocomplete suggestions,United States,en,2026-09-24
halong bay cruise directions,0,4,0,1,0,,Ubersuggest match_keywords,United States,en,2026-09-24
halong bay cruise disembarkation time,0,4,0,1,0,,Ubersuggest match_keywords,United States,en,2026-09-24
halong bay cruise distance,0,4,0,1,0,,Ubersuggest match_keywords | Google autocomplete suggestions,United States,en,2026-09-24
halong bay cruise dock,0,4,0,1,0,,Ubersuggest match_keywords,United States,en,2026-09-24
halong bay cruise doria,0,4,0,1,0,,Ubersuggest match_keywords,United States,en,2026-09-24
halong bay cruise doris,0,4,0,1,0,,Ubersuggest match_keywords,United States,en,2026-09-24
halong bay cruise drink prices,0,4,0,1,0,,Ubersuggest match_keywords,United States,en,2026-09-24
halong bay cruise duration,0,4,0,1,0,,Ubersuggest match_keywords,United States,en,2026-09-24
halong bay cruise emerald,0,4,0,1,0,,Ubersuggest match_keywords,United States,en,2026-09-24
halong bay cruise end time,0,4,0,1,0,,Ubersuggest match_keywords | Google autocomplete suggestions,United States,en,2026-09-24
halong bay cruise ending in ninh binh,0,4,0,1,0,,Ubersuggest match_keywords,United States,en,2026-09-24
halong bay cruise erina,0,4,0,1,0,,Ubersuggest match_keywords | Google autocomplete suggestions,United States,en,2026-09-24
halong bay cruise essence,0,4,0,1,0,,Ubersuggest match_keywords,United States,en,2026-09-24
halong bay cruise essence grand,0,4,0,1,0,,Ubersuggest match_keywords | Google autocomplete suggestions,United States,en,2026-09-24
halong bay cruise excursion,0,4,0,1,0,,Ubersuggest match_keywords | Google autocomplete suggestions,United States,en,2026-09-24
halong bay cruise family friendly,0,4,0,1,0,,Ubersuggest match_keywords,United States,en,2026-09-24
halong bay cruise family of 5,0,4,0,1,0,,Ubersuggest match_keywords | Google autocomplete suggestions,United States,en,2026-09-24
halong bay cruise floating village,0,4,0,1,0,,Ubersuggest match_keywords,United States,en,2026-09-24
halong bay cruise food menu,0,4,0,1,0,,Ubersuggest match_keywords | Google autocomplete suggestions,United States,en,2026-09-24
halong bay cruise for couples,0,4,0,1,0,,Ubersuggest match_keywords | Google autocomplete suggestions,United States,en,2026-09-24
halong bay cruise for family of 5,0,4,0,1,0,,Ubersuggest match_keywords | Google autocomplete suggestions,United States,en,2026-09-24
halong bay cruise for indians,0,4,0,1,0,,Ubersuggest match_keywords,United States,en,2026-09-24
halong bay cruise for kids,0,4,0,1,0,,Ubersuggest match_keywords | Google autocomplete suggestions,United States,en,2026-09-24
halong bay cruise for seniors,0,4,0,1,0,,Ubersuggest match_keywords | Google autocomplete suggestions,United States,en,2026-09-24
halong bay cruise for single,0,4,0,1,0,,Ubersuggest match_keywords,United States,en,2026-09-24
halong bay cruise from hanoi 1 night,0,4,0,1,0,,Ubersuggest match_keywords,United States,en,2026-09-24
halong bay cruise from hanoi klook,0,4,0,1,0,,Ubersuggest match_keywords,United States,en,2026-09-24
halong bay cruise from hanoi price,0,4,0,1,0,,Ubersuggest match_keywords | Google autocomplete suggestions,United States,en,2026-09-24
halong bay cruise from hanoi reddit,0,4,0,1,0,,Ubersuggest match_keywords,United States,en,2026-09-24
halong bay cruise from phu quoc,0,4,0,1,0,,Ubersuggest match_keywords | Google autocomplete suggestions,United States,en,2026-09-24
halong bay cruise gadt travel,0,4,0,1,0,,Ubersuggest match_keywords,United States,en,2026-09-24
halong bay cruise genesis regal,0,4,0,1,0,,Ubersuggest match_keywords | Google autocomplete suggestions,United States,en,2026-09-24
halong bay cruise gluten free,0,4,0,1,0,,Ubersuggest match_keywords | Google autocomplete suggestions,United States,en,2026-09-24
halong bay cruise grand,0,4,0,1,0,,Ubersuggest match_keywords,United States,en,2026-09-24
halong bay cruise group,0,4,0,1,0,,Ubersuggest match_keywords | Google autocomplete suggestions,United States,en,2026-09-24
halong bay cruise half day,0,4,0,1,0,,Ubersuggest match_keywords | Google autocomplete suggestions,United States,en,2026-09-24
halong bay cruise hercules,0,4,0,1,0,,Ubersuggest match_keywords,United States,en,2026-09-24
halong bay cruise heritage,0,4,0,1,0,,Ubersuggest match_keywords | Google autocomplete suggestions,United States,en,2026-09-24
halong bay cruise heritage line,0,4,0,1,0,,Ubersuggest match_keywords | Google autocomplete suggestions | Google autocomplete comparisons,United States,en,2026-09-24
halong bay cruise heritage line ginger,0,4,0,1,0,,Ubersuggest match_keywords | Google autocomplete comparisons,United States,en,2026-09-24
halong bay cruise hideaway,0,4,0,1,0,,Ubersuggest match_keywords | Google autocomplete suggestions,United States,en,2026-09-24
halong bay cruise how many nights,0,4,0,1,0,,Ubersuggest match_keywords | Google autocomplete suggestions | Google autocomplete questions,United States,en,2026-09-24
halong bay cruise how much,0,4,0,1,0,,Ubersuggest match_keywords | Google autocomplete suggestions,United States,en,2026-09-24
halong bay cruise how much to tip,0,4,0,1,0,,Ubersuggest match_keywords | Google autocomplete suggestions,United States,en,2026-09-24
halong bay cruise how to book,0,4,0,1,0,,Ubersuggest match_keywords,United States,en,2026-09-24
halong bay cruise in april,0,4,0,1,0,,Ubersuggest match_keywords,United States,en,2026-09-24
halong bay cruise in hanoi,0,4,0,1,0,,Ubersuggest match_keywords | Google autocomplete suggestions,United States,en,2026-09-24
halong bay cruise in june,0,4,0,1,0,,Ubersuggest match_keywords,United States,en,2026-09-24
halong bay cruise in may,0,4,0,1,0,,Ubersuggest match_keywords,United States,en,2026-09-24
halong bay cruise in rain,0,4,0,1,0,,Ubersuggest match_keywords,United States,en,2026-09-24
halong bay cruise in which city,0,4,0,1,0,,Ubersuggest match_keywords,United States,en,2026-09-24
halong bay cruise including transfer,0,4,0,1,0,,Ubersuggest match_keywords,United States,en,2026-09-24
halong bay cruise indochine,0,4,0,1,0,,Ubersuggest match_keywords,United States,en,2026-09-24
halong bay cruise inside,0,4,0,1,0,,Ubersuggest match_keywords,United States,en,2026-09-24
halong bay cruise intrepid,0,4,0,1,0,,Ubersuggest match_keywords,United States,en,2026-09-24
halong bay cruise is it safe,0,4,0,1,0,,Ubersuggest match_keywords,United States,en,2026-09-24
halong bay cruise is where,0,4,0,1,0,,Ubersuggest match_keywords,United States,en,2026-09-24
halong bay cruise jade sails,0,4,0,1,0,,Ubersuggest match_keywords | Google autocomplete suggestions,United States,en,2026-09-24
halong bay cruise jain food,0,4,0,1,0,,Ubersuggest match_keywords | Google autocomplete suggestions,United States,en,2026-09-24
halong bay cruise jan and ann,0,4,0,1,0,,Ubersuggest match_keywords,United States,en,2026-09-24
halong bay cruise jetty,0,4,0,1,0,,Ubersuggest match_keywords | Google autocomplete suggestions,United States,en,2026-09-24
halong bay cruise la casta,0,4,0,1,0,,Ubersuggest match_keywords | Google autocomplete suggestions,United States,en,2026-09-24
halong bay cruise la regina,0,4,0,1,0,,Ubersuggest match_keywords | Google autocomplete suggestions,United States,en,2026-09-24
halong bay cruise last minute deals,0,4,0,1,0,,Ubersuggest match_keywords,United States,en,2026-09-24
halong bay cruise le journey,0,4,0,1,0,,Ubersuggest match_keywords | Google autocomplete suggestions,United States,en,2026-09-24
halong bay cruise less touristy,0,4,0,1,0,,Ubersuggest match_keywords | Google autocomplete suggestions,United States,en,2026-09-24
halong bay cruise line,0,4,0,1,0,,Ubersuggest match_keywords | Google autocomplete suggestions,United States,en,2026-09-24
halong bay cruise list,0,4,0,1,0,,Ubersuggest match_keywords,United States,en,2026-09-24
halong bay cruise lunch,0,4,0,1,0,,Ubersuggest match_keywords | Google autocomplete suggestions,United States,en,2026-09-24
halong bay cruise luxury 1 night,0,4,0,1,0,,Ubersuggest match_keywords,United States,en,2026-09-24
halong bay cruise luxury cruise,0,4,0,1,0,,Ubersuggest match_keywords,United States,en,2026-09-24
halong bay cruise luxury price,0,4,0,1,0,,Ubersuggest match_keywords,United States,en,2026-09-24
halong bay cruise luxury reddit,0,4,0,1,0,,Ubersuggest match_keywords,United States,en,2026-09-24
halong bay cruise luxury reviews,0,4,0,1,0,,Ubersuggest match_keywords | Google autocomplete comparisons,United States,en,2026-09-24
halong bay cruise make my trip,0,4,0,1,0,,Ubersuggest match_keywords | Google autocomplete suggestions,United States,en,2026-09-24
halong bay cruise malayalam,0,4,0,1,0,,Ubersuggest match_keywords,United States,en,2026-09-24
halong bay cruise malaysia,0,4,0,1,0,,Ubersuggest match_keywords | Google autocomplete suggestions,United States,en,2026-09-24
halong bay cruise massage,0,4,0,1,0,,Ubersuggest match_keywords | Google autocomplete suggestions,United States,en,2026-09-24
halong bay cruise may,0,4,0,1,0,,Ubersuggest match_keywords | Google autocomplete suggestions,United States,en,2026-09-24
halong bay cruise menu,0,4,0,1,0,,Ubersuggest match_keywords | Google autocomplete suggestions,United States,en,2026-09-24
halong bay cruise mila,0,4,0,1,0,,Ubersuggest match_keywords | Google autocomplete suggestions,United States,en,2026-09-24
halong bay cruise mishap,0,4,0,1,0,,Ubersuggest match_keywords | Google autocomplete suggestions,United States,en,2026-09-24
halong bay cruise mmt,0,4,0,1,0,,Ubersuggest match_keywords | Google autocomplete suggestions,United States,en,2026-09-24
halong bay cruise morning,0,4,0,1,0,,Ubersuggest match_keywords | Google autocomplete suggestions,United States,en,2026-09-24
halong bay cruise names,0,4,0,1,0,,Ubersuggest match_keywords,United States,en,2026-09-24
halong bay cruise nearest airport,0,4,0,1,0,,Ubersuggest match_keywords | Google autocomplete suggestions,United States,en,2026-09-24
halong bay cruise news today,0,4,0,1,0,,Ubersuggest match_keywords | Google autocomplete suggestions,United States,en,2026-09-24
halong bay cruise ninh binh,0,4,0,1,0,,Ubersuggest match_keywords | Google autocomplete suggestions,United States,en,2026-09-24
halong bay cruise ninh binh pickup,0,4,0,1,0,,Ubersuggest match_keywords | Google autocomplete suggestions,United States,en,2026-09-24
halong bay cruise nostalgia,0,4,0,1,0,,Ubersuggest match_keywords | Google autocomplete suggestions,United States,en,2026-09-24
halong bay cruise not touristy,0,4,0,1,0,,Ubersuggest match_keywords | Google autocomplete suggestions,United States,en,2026-09-24
halong bay cruise october,0,4,0,1,0,,Ubersuggest match_keywords,United States,en,2026-09-24
halong bay cruise on junk boat,0,4,0,1,0,,Ubersuggest match_keywords,United States,en,2026-09-24
halong bay cruise one day tour,0,4,0,1,0,,Ubersuggest match_keywords,United States,en,2026-09-24
halong bay cruise only,0,4,0,1,0,,Ubersuggest match_keywords,United States,en,2026-09-24
halong bay cruise ootd,0,4,0,1,0,,Ubersuggest match_keywords,United States,en,2026-09-24
halong bay cruise open now,0,4,0,1,0,,Ubersuggest match_keywords | Google autocomplete suggestions,United States,en,2026-09-24
halong bay cruise or cat ba,0,4,0,1,0,,Ubersuggest match_keywords,United States,en,2026-09-24
halong bay cruise or ninh binh,0,4,0,1,0,,Ubersuggest match_keywords | Google autocomplete comparisons,United States,en,2026-09-24
halong bay cruise orchid classic,0,4,0,1,0,,Ubersuggest match_keywords | Google autocomplete suggestions,United States,en,2026-09-24
halong bay cruise orchid trendy,0,4,0,1,0,,Ubersuggest match_keywords | Google autocomplete suggestions,United States,en,2026-09-24
halong bay cruise outfit female,0,4,0,1,0,,Ubersuggest match_keywords | Google autocomplete suggestions,United States,en,2026-09-24
halong bay cruise overnight cost,0,4,0,1,0,,Ubersuggest match_keywords,United States,en,2026-09-24
halong bay cruise overnight cruise,0,4,0,1,0,,Ubersuggest match_keywords | Google autocomplete suggestions,United States,en,2026-09-24
halong bay cruise overnight stay,0,4,0,1,0,,Ubersuggest match_keywords,United States,en,2026-09-24
halong bay cruise photo ideas,0,4,0,1,0,,Ubersuggest match_keywords,United States,en,2026-09-24
halong bay cruise pick up,0,4,0,1,0,,Ubersuggest match_keywords | Google autocomplete suggestions,United States,en,2026-09-24
halong bay cruise pick up from hanoi airport,0,4,0,1,0,,Ubersuggest match_keywords | Google autocomplete suggestions,United States,en,2026-09-24
halong bay cruise pick up from ninh binh,0,4,0,1,0,,Ubersuggest match_keywords | Google autocomplete suggestions,United States,en,2026-09-24
halong bay cruise pick up ninh binh,0,4,0,1,0,,Ubersuggest match_keywords,United States,en,2026-09-24
halong bay cruise pick up point,0,4,0,1,0,,Ubersuggest match_keywords | Google autocomplete suggestions,United States,en,2026-09-24
halong bay cruise pick up time,0,4,0,1,0,,Ubersuggest match_keywords | Google autocomplete suggestions,United States,en,2026-09-24
halong bay cruise pickup,0,4,0,1,0,,Ubersuggest match_keywords,United States,en,2026-09-24
halong bay cruise pool,0,4,0,1,0,,Ubersuggest match_keywords,United States,en,2026-09-24
halong bay cruise port address,0,4,0,1,0,,Ubersuggest match_keywords,United States,en,2026-09-24
halong bay cruise port schedule,0,4,0,1,0,,Ubersuggest match_keywords | Google autocomplete suggestions,United States,en,2026-09-24
halong bay cruise premium,0,4,0,1,0,,Ubersuggest match_keywords,United States,en,2026-09-24
halong bay cruise price from hanoi,0,4,0,1,0,,Ubersuggest match_keywords,United States,en,2026-09-24
halong bay cruise price inr,0,4,0,1,0,,Ubersuggest match_keywords,United States,en,2026-09-24
halong bay cruise price klook,0,4,0,1,0,,Ubersuggest match_keywords | Google autocomplete suggestions,United States,en,2026-09-24
halong bay cruise price per person,0,4,0,1,0,,Ubersuggest match_keywords | Google autocomplete suggestions,United States,en,2026-09-24
halong bay cruise price per person day cruise in inr,0,4,0,1,0,,Ubersuggest match_keywords,United States,en,2026-09-24
halong bay cruise price reddit,0,4,0,1,0,,Ubersuggest match_keywords,United States,en,2026-09-24
halong bay cruise proposal,0,4,0,1,0,,Ubersuggest match_keywords,United States,en,2026-09-24
halong bay cruise quotes for instagram,0,4,0,1,0,,Ubersuggest match_keywords | Google autocomplete suggestions,United States,en,2026-09-24
halong bay cruise ranking,0,4,0,1,0,,Ubersuggest match_keywords | Google autocomplete suggestions,United States,en,2026-09-24
halong bay cruise rates,0,4,0,1,0,,Ubersuggest match_keywords,United States,en,2026-09-24
halong bay cruise reservation,0,4,0,1,0,,Ubersuggest match_keywords | Google autocomplete suggestions,United States,en,2026-09-24
halong bay cruise restaurants,0,4,0,1,0,,Ubersuggest match_keywords,United States,en,2026-09-24
halong bay cruise return time,0,4,0,1,0,,Ubersuggest match_keywords | Google autocomplete suggestions,United States,en,2026-09-24
halong bay cruise reviews reddit,0,4,0,1,0,,Ubersuggest match_keywords | Google autocomplete suggestions,United States,en,2026-09-24
halong bay cruise ride,0,4,0,1,0,,Ubersuggest match_keywords | Google autocomplete suggestions,United States,en,2026-09-24
halong bay cruise rita,0,4,0,1,0,,Ubersuggest match_keywords | Google autocomplete suggestions,United States,en,2026-09-24
halong bay cruise room tour,0,4,0,1,0,,Ubersuggest match_keywords,United States,en,2026-09-24
halong bay cruise route 2,0,4,0,1,0,,Ubersuggest match_keywords,United States,en,2026-09-24
halong bay cruise route map,0,4,0,1,0,,Ubersuggest match_keywords | Google autocomplete suggestions,United States,en,2026-09-24
halong bay cruise safe,0,4,0,1,0,,Ubersuggest match_keywords | Google autocomplete suggestions,United States,en,2026-09-24
halong bay cruise search,0,4,0,1,0,,Ubersuggest match_keywords | Google autocomplete suggestions | Google autocomplete comparisons,United States,en,2026-09-24
halong bay cruise ship capsize,0,4,0,1,0,,Ubersuggest match_keywords,United States,en,2026-09-24
halong bay cruise ship price,0,4,0,1,0,,Ubersuggest match_keywords,United States,en,2026-09-24
halong bay cruise ship schedule,0,4,0,1,0,,Ubersuggest match_keywords,United States,en,2026-09-24
halong bay cruise ship sinking,0,4,0,1,0,,Ubersuggest match_keywords,United States,en,2026-09-24
halong bay cruise slide,0,4,0,1,0,,Ubersuggest match_keywords,United States,en,2026-09-24
halong bay cruise small group,0,4,0,1,0,,Ubersuggest match_keywords | Google autocomplete suggestions,United States,en,2026-09-24
halong bay cruise status,0,4,0,1,0,,Ubersuggest match_keywords,United States,en,2026-09-24
halong bay cruise stay price,0,4,0,1,0,,Ubersuggest match_keywords | Google autocomplete suggestions,United States,en,2026-09-24
halong bay cruise stellar,0,4,0,1,0,,Ubersuggest match_keywords,United States,en,2026-09-24
halong bay cruise stellar of the seas,0,4,0,1,0,,Ubersuggest match_keywords | Google autocomplete suggestions,United States,en,2026-09-24
halong bay cruise sunset party,0,4,0,1,0,,Ubersuggest match_keywords | Google autocomplete suggestions,United States,en,2026-09-24
halong bay cruise surprise cave,0,4,0,1,0,,Ubersuggest match_keywords,United States,en,2026-09-24
halong bay cruise swimming,0,4,0,1,0,,Ubersuggest match_keywords | Google autocomplete suggestions,United States,en,2026-09-24
halong bay cruise temperature,0,4,0,1,0,,Ubersuggest match_keywords,United States,en,2026-09-24
halong bay cruise tiktok,0,4,0,1,0,,Ubersuggest match_keywords,United States,en,2026-09-24
halong bay cruise to hanoi distance,0,4,0,1,0,,Ubersuggest match_keywords,United States,en,2026-09-24
halong bay cruise to ninh binh,0,4,0,1,0,,Ubersuggest match_keywords | Google autocomplete suggestions,United States,en,2026-09-24
halong bay cruise toddler,0,4,0,1,0,,Ubersuggest match_keywords,United States,en,2026-09-24
halong bay cruise top,0,4,0,1,0,,Ubersuggest match_keywords,United States,en,2026-09-24
halong bay cruise tour packages,0,4,0,1,0,,Ubersuggest match_keywords,United States,en,2026-09-24
halong bay cruise tour price,0,4,0,1,0,,Ubersuggest match_keywords,United States,en,2026-09-24
halong bay cruise traditional boat,0,4,0,1,0,,Ubersuggest match_keywords,United States,en,2026-09-24
halong bay cruise types,0,4,0,1,0,,Ubersuggest match_keywords,United States,en,2026-09-24
halong bay cruise update,0,4,0,1,0,,Ubersuggest match_keywords | Google autocomplete suggestions,United States,en,2026-09-24
halong bay cruise vegan,0,4,0,1,0,,Ubersuggest match_keywords | Google autocomplete suggestions,United States,en,2026-09-24
halong bay cruise venus,0,4,0,1,0,,Ubersuggest match_keywords | Google autocomplete suggestions,United States,en,2026-09-24
halong bay cruise vietnam booking,0,4,0,1,0,,Ubersuggest match_keywords | Google autocomplete suggestions,United States,en,2026-09-24
halong bay cruise view,0,4,0,1,0,,Ubersuggest match_keywords,United States,en,2026-09-24
halong bay cruise vip,0,4,0,1,0,,Ubersuggest match_keywords,United States,en,2026-09-24
halong bay cruise vn,0,4,0,1,0,,Ubersuggest match_keywords,United States,en,2026-09-24
halong bay cruise vs day trip,0,4,0,1,0,,Ubersuggest match_keywords | Google autocomplete suggestions | Google autocomplete comparisons,United States,en,2026-09-24
halong bay cruise vs lan ha bay cruise,0,4,0,1,0,,Ubersuggest match_keywords | Google autocomplete suggestions | Google autocomplete comparisons,United States,en,2026-09-24
halong bay cruise vs ninh binh,0,4,0,1,0,,Ubersuggest match_keywords | Google autocomplete suggestions | Google autocomplete comparisons,United States,en,2026-09-24
halong bay cruise weather today,0,4,0,1,0,,Ubersuggest match_keywords,United States,en,2026-09-24
halong bay cruise weather tomorrow,0,4,0,1,0,,Ubersuggest match_keywords | Google autocomplete suggestions,United States,en,2026-09-24
halong bay cruise wedding,0,4,0,1,0,,Ubersuggest match_keywords,United States,en,2026-09-24
halong bay cruise wedding cost,0,4,0,1,0,,Ubersuggest match_keywords,United States,en,2026-09-24
halong bay cruise what to do,0,4,0,1,0,,Ubersuggest match_keywords,United States,en,2026-09-24
halong bay cruise what to expect,0,4,0,1,0,,Ubersuggest match_keywords,United States,en,2026-09-24
halong bay cruise what to pack,0,4,0,1,0,,Ubersuggest match_keywords,United States,en,2026-09-24
halong bay cruise where to book,0,4,0,1,0,,Ubersuggest match_keywords,United States,en,2026-09-24
halong bay cruise which city,0,4,0,1,0,,Ubersuggest match_keywords,United States,en,2026-09-24
halong bay cruise which country,0,4,0,1,0,,Ubersuggest match_keywords,United States,en,2026-09-24
halong bay cruise which route,0,4,0,1,0,,Ubersuggest match_keywords | Google autocomplete questions,United States,en,2026-09-24
halong bay cruise with airport transfer,0,4,0,1,0,,Ubersuggest match_keywords,United States,en,2026-09-24
halong bay cruise with baby,0,4,0,1,0,,Ubersuggest match_keywords,United States,en,2026-09-24
halong bay cruise with casino,0,4,0,1,0,,Ubersuggest match_keywords,United States,en,2026-09-24
halong bay cruise with children,0,4,0,1,0,,Ubersuggest match_keywords,United States,en,2026-09-24
halong bay cruise with cooking class,0,4,0,1,0,,Ubersuggest match_keywords,United States,en,2026-09-24
halong bay cruise with gym,0,4,0,1,0,,Ubersuggest match_keywords,United States,en,2026-09-24
halong bay cruise with hotel pick up,0,4,0,1,0,,Ubersuggest match_keywords,United States,en,2026-09-24
halong bay cruise with indian food price,0,4,0,1,0,,Ubersuggest match_keywords | Google autocomplete suggestions,United States,en,2026-09-24
halong bay cruise with kids club,0,4,0,1,0,,Ubersuggest match_keywords | Google autocomplete suggestions,United States,en,2026-09-24
halong bay cruise with private jacuzzi,0,4,0,1,0,,Ubersuggest match_keywords,United States,en,2026-09-24
halong bay cruise with sung sot cave,0,4,0,1,0,,Ubersuggest match_keywords,United States,en,2026-09-24
halong bay cruise with swimming pool,0,4,0,1,0,,Ubersuggest match_keywords | Google autocomplete suggestions,United States,en,2026-09-24
halong bay cruise with titop island,0,4,0,1,0,,Ubersuggest match_keywords,United States,en,2026-09-24
halong bay cruise with toddler,0,4,0,1,0,,Ubersuggest match_keywords,United States,en,2026-09-24
halong bay cruise with water slide,0,4,0,1,0,,Ubersuggest match_keywords | Google autocomplete suggestions,United States,en,2026-09-24
halong bay cruise wooden boat,0,4,0,1,0,,Ubersuggest match_keywords,United States,en,2026-09-24
halong bay cruise worth it reddit,0,4,0,1,0,,Ubersuggest match_keywords,United States,en,2026-09-24
halong bay cruise yacht,0,4,0,1,0,,Ubersuggest match_keywords | Google autocomplete suggestions,United States,en,2026-09-24
hanoi 2 day lan ha and halong bay cruise,0,4,0,1,0,,Ubersuggest match_keywords,United States,en,2026-09-24
hanoi old quarter to halong bay cruise,0,4,0,1,0,,Ubersuggest match_keywords,United States,en,2026-09-24
hanoi old quarter to halong bay cruise distance,0,4,0,1,0,,Ubersuggest match_keywords,United States,en,2026-09-24
hanoi to halong bay cruise day trip,0,4,0,1,0,,Ubersuggest match_keywords | Google autocomplete prepositions,United States,en,2026-09-24
hanoi to halong bay cruise itinerary,0,4,0,1,0,,Ubersuggest match_keywords,United States,en,2026-09-24
hanoi to halong bay cruise klook,0,4,0,1,0,,Ubersuggest match_keywords,United States,en,2026-09-24
hanoi to halong bay cruise one way,0,4,0,1,0,,Ubersuggest match_keywords,United States,en,2026-09-24
hanoi to halong bay cruise overnight,0,4,0,1,0,,Ubersuggest match_keywords | Google autocomplete prepositions,United States,en,2026-09-24
hanoi to halong bay cruise port,0,4,0,1,0,,Ubersuggest match_keywords | Google autocomplete prepositions,United States,en,2026-09-24
hanoi to halong bay cruise reddit,0,4,0,1,0,,Ubersuggest match_keywords,United States,en,2026-09-24
hanoi to halong bay cruise route,0,4,0,1,0,,Ubersuggest match_keywords,United States,en,2026-09-24
hanoi to halong bay cruise shuttle bus,0,4,0,1,0,,Ubersuggest match_keywords,United States,en,2026-09-24
hanoi to halong bay cruise terminal,0,4,0,1,0,,Ubersuggest match_keywords,United States,en,2026-09-24
hanoi to halong bay cruise transfer,0,4,0,1,0,,Ubersuggest match_keywords | Google autocomplete prepositions,United States,en,2026-09-24
ho chi minh to halong bay cruise price,0,4,0,1,0,,Ubersuggest match_keywords,United States,en,2026-09-24
how far in advance to book halong bay cruise,0,4,0,1,0,,Ubersuggest match_keywords,United States,en,2026-09-24
how long halong bay cruise,0,4,0,1,0,,Ubersuggest match_keywords | Google autocomplete questions,United States,en,2026-09-24
how long is the halong bay cruise,0,4,0,1,0,,Ubersuggest match_keywords,United States,en,2026-09-24
how many days halong bay cruise,0,4,0,1,0,,Ubersuggest match_keywords | Google autocomplete questions,United States,en,2026-09-24
how many days in halong bay cruise,0,4,0,1,0,,Ubersuggest match_keywords,United States,en,2026-09-24
how many nights halong bay cruise,0,4,0,1,0,,Ubersuggest match_keywords,United States,en,2026-09-24
how much does a halong bay cruise cost,0,4,0,1,0,,Ubersuggest match_keywords | Google autocomplete questions,United States,en,2026-09-24
how much does halong bay cruise cost,0,4,0,1,0,,Ubersuggest match_keywords,United States,en,2026-09-24
how much halong bay cruise cost,0,4,0,1,0,,Ubersuggest match_keywords | Google autocomplete questions | Google autocomplete prepositions,United States,en,2026-09-24
how much should halong bay cruise cost,0,4,0,1,0,,Ubersuggest match_keywords | Google autocomplete questions,United States,en,2026-09-24
how much tip halong bay cruise,0,4,0,1,0,,Ubersuggest match_keywords | Google autocomplete questions | Google autocomplete prepositions,United States,en,2026-09-24
how to book a halong bay cruise,0,4,0,1,0,,Ubersuggest match_keywords,United States,en,2026-09-24
how to book halong bay cruise from india,0,4,0,1,0,,Ubersuggest match_keywords,United States,en,2026-09-24
how to book halong bay cruise reddit,0,4,0,1,0,,Ubersuggest match_keywords | Google autocomplete questions,United States,en,2026-09-24
how to get from hanoi to halong bay cruise,0,4,0,1,0,,Ubersuggest match_keywords,United States,en,2026-09-24
how to get to halong bay cruise from hanoi,0,4,0,1,0,,Ubersuggest match_keywords,United States,en,2026-09-24
how to pick a halong bay cruise,0,4,0,1,0,,Ubersuggest match_keywords,United States,en,2026-09-24
indochina junk halong bay cruise avis,0,4,0,1,0,,Ubersuggest match_keywords,United States,en,2026-09-24
indochina junk halong bay cruise cost,0,4,0,1,0,,Ubersuggest match_keywords,United States,en,2026-09-24
indochina junk halong bay cruise photos,0,4,0,1,0,,Ubersuggest match_keywords,United States,en,2026-09-24
indochina junk halong bay cruise price,0,4,0,1,0,,Ubersuggest match_keywords,United States,en,2026-09-24
indochina junk halong bay cruise recensioni,0,4,0,1,0,,Ubersuggest match_keywords,United States,en,2026-09-24
indochina junk halong bay cruise reviews,0,4,0,1,0,,Ubersuggest match_keywords,United States,en,2026-09-24
is halong bay cruise,0,4,0,1,0,,Ubersuggest match_keywords | Google autocomplete questions | Google autocomplete prepositions,United States,en,2026-09-24
is halong bay cruise in hanoi,0,4,0,1,0,,Ubersuggest match_keywords | Google autocomplete questions | Google autocomplete prepositions,United States,en,2026-09-24
is it better to book halong bay cruise in advance,0,4,0,1,0,,Ubersuggest match_keywords,United States,en,2026-09-24
is it cheaper to book halong bay cruise in hanoi,0,4,0,1,0,,Ubersuggest match_keywords,United States,en,2026-09-24
junk hire halong bay cruise,0,4,0,1,0,,Ubersuggest match_keywords,United States,en,2026-09-24
kayaking in halong bay cruise,0,4,0,1,0,,Ubersuggest match_keywords | Google autocomplete prepositions,United States,en,2026-09-24
klook vietnam halong bay cruise,0,4,0,1,0,,Ubersuggest match_keywords,United States,en,2026-09-24
la regina legend halong bay cruise,0,4,0,1,0,,Ubersuggest match_keywords,United States,en,2026-09-24
lan ha bay and halong bay cruise,0,4,0,1,0,,Ubersuggest match_keywords,United States,en,2026-09-24
lan ha bay cruise vs halong bay cruise,0,4,0,1,0,,Ubersuggest match_keywords,United States,en,2026-09-24
luxury escapes halong bay cruise,0,4,0,1,0,,Ubersuggest match_keywords,United States,en,2026-09-24
luxury halong bay cruise 1 night,0,4,0,1,0,,Ubersuggest match_keywords,United States,en,2026-09-24
luxury halong bay cruise 2 nights,0,4,0,1,0,,Ubersuggest match_keywords,United States,en,2026-09-24
luxury halong bay cruise from hanoi,0,4,0,1,0,,Ubersuggest match_keywords,United States,en,2026-09-24
luxury overnight halong bay cruise,0,4,0,1,0,,Ubersuggest match_keywords,United States,en,2026-09-24
most luxurious halong bay cruise reddit,0,4,0,1,0,,Ubersuggest match_keywords,United States,en,2026-09-24
most luxurious halong bay cruise reviews,0,4,0,1,0,,Ubersuggest match_keywords,United States,en,2026-09-24
most luxury halong bay cruise,0,4,0,1,0,,Ubersuggest match_keywords,United States,en,2026-09-24
most romantic halong bay cruise,0,4,0,1,0,,Ubersuggest match_keywords,United States,en,2026-09-24
ninh binh and halong bay cruise vietnam,0,4,0,1,0,,Ubersuggest match_keywords,United States,en,2026-09-24
ninh binh vs halong bay cruise,0,4,0,1,0,,Ubersuggest match_keywords,United States,en,2026-09-24
old quarter to halong bay cruise,0,4,0,1,0,,Ubersuggest match_keywords | Google autocomplete suggestions,United States,en,2026-09-24
outfit for halong bay cruise,0,4,0,1,0,,Ubersuggest match_keywords | Google autocomplete prepositions,United States,en,2026-09-24
paradise vietnam halong bay cruise,0,4,0,1,0,,Ubersuggest match_keywords,United States,en,2026-09-24
price for halong bay cruise,0,4,0,1,0,,Ubersuggest match_keywords | Google autocomplete prepositions,United States,en,2026-09-24
price of drinks on halong bay cruise,0,4,0,1,0,,Ubersuggest match_keywords,United States,en,2026-09-24
price of halong bay cruise,0,4,0,1,0,,Ubersuggest match_keywords,United States,en,2026-09-24
romantic halong bay cruise,0,4,0,1,0,,Ubersuggest match_keywords,United States,en,2026-09-24
small group halong bay cruise,0,4,0,1,0,,Ubersuggest match_keywords,United States,en,2026-09-24
solo halong bay cruise,0,4,0,1,0,,Ubersuggest match_keywords,United States,en,2026-09-24
stellar of the seas halong bay cruise,0,4,0,1,0,,Ubersuggest match_keywords,United States,en,2026-09-24
sung sot cave halong bay cruise,0,4,0,1,0,,Ubersuggest match_keywords,United States,en,2026-09-24
the most luxurious halong bay cruise,0,4,0,1,0,,Ubersuggest match_keywords,United States,en,2026-09-24
things to do in halong bay cruise,0,4,0,1,0,,Ubersuggest match_keywords,United States,en,2026-09-24
timings for halong bay cruise,0,4,0,1,0,,Ubersuggest match_keywords | Google autocomplete prepositions,United States,en,2026-09-24
tipping on halong bay cruise,0,4,0,1,0,,Ubersuggest match_keywords,United States,en,2026-09-24
tips for halong bay cruise,0,4,0,1,0,,Ubersuggest match_keywords | Google autocomplete prepositions,United States,en,2026-09-24
top 10 best halong bay cruise,0,4,0,1,0,,Ubersuggest match_keywords,United States,en,2026-09-24
top 5 halong bay cruise,0,4,0,1,0,,Ubersuggest match_keywords | Google autocomplete suggestions,United States,en,2026-09-24
top luxury halong bay cruise,0,4,0,1,0,,Ubersuggest match_keywords,United States,en,2026-09-24
top rated halong bay cruise luxury,0,4,0,1,0,,Ubersuggest match_keywords,United States,en,2026-09-24
treasure junk halong bay cruise,0,4,0,1,0,,Ubersuggest match_keywords,United States,en,2026-09-24
ultra luxury halong bay cruise,0,4,0,1,0,,Ubersuggest match_keywords | Google autocomplete suggestions,United States,en,2026-09-24
unique halong bay cruise,0,4,0,1,0,,Ubersuggest match_keywords,United States,en,2026-09-24
vegan friendly halong bay cruise,0,4,0,1,0,,Ubersuggest match_keywords,United States,en,2026-09-24
vietnam budget tours with halong bay cruise,0,4,0,1,0,,Ubersuggest match_keywords,United States,en,2026-09-24
vietnam escape tours halong bay cruise,0,4,0,1,0,,Ubersuggest match_keywords,United States,en,2026-09-24
vietnam halong bay cruise capsize,0,4,0,1,0,,Ubersuggest match_keywords,United States,en,2026-09-24
vietnam halong bay cruise incident,0,4,0,1,0,,Ubersuggest match_keywords,United States,en,2026-09-24
vietnam halong bay cruise news,0,4,0,1,0,,Ubersuggest match_keywords,United States,en,2026-09-24
vietnam halong bay cruise reddit,0,4,0,1,0,,Ubersuggest match_keywords,United States,en,2026-09-24
vietnam with halong bay cruise,0,4,0,1,0,,Ubersuggest match_keywords | Google autocomplete prepositions,United States,en,2026-09-24
what is the best way to book halong bay cruise,0,4,0,1,0,,Ubersuggest match_keywords,United States,en,2026-09-24
what is the most luxurious halong bay cruise,0,4,0,1,0,,Ubersuggest match_keywords,United States,en,2026-09-24
what time does halong bay cruise end,0,4,0,1,0,,Ubersuggest match_keywords | Google autocomplete questions,United States,en,2026-09-24
what to bring halong bay cruise,0,4,0,1,0,,Ubersuggest match_keywords,United States,en,2026-09-24
what to bring to halong bay cruise,0,4,0,1,0,,Ubersuggest match_keywords,United States,en,2026-09-24
what to do in halong bay cruise port,0,4,0,1,0,,Ubersuggest match_keywords,United States,en,2026-09-24
what to pack halong bay cruise,0,4,0,1,0,,Ubersuggest match_keywords,United States,en,2026-09-24
what to see in halong bay cruise,0,4,0,1,0,,Ubersuggest match_keywords,United States,en,2026-09-24
what to take on halong bay cruise,0,4,0,1,0,,Ubersuggest match_keywords,United States,en,2026-09-24
what to wear on a halong bay cruise,0,4,0,1,0,,Ubersuggest match_keywords,United States,en,2026-09-24
what to wear on halong bay cruise female,0,4,0,1,0,,Ubersuggest match_keywords,United States,en,2026-09-24
what to wear to halong bay cruise,0,4,0,1,0,,Ubersuggest match_keywords,United States,en,2026-09-24
what's the best halong bay cruise,0,4,0,1,0,,Ubersuggest match_keywords,United States,en,2026-09-24
when to book halong bay cruise,0,4,0,1,0,,Ubersuggest match_keywords | Google autocomplete questions,United States,en,2026-09-24
where to book halong bay cruise in hanoi,0,4,0,1,0,,Ubersuggest match_keywords,United States,en,2026-09-24
where to take halong bay cruise,0,4,0,1,0,,Ubersuggest match_keywords,United States,en,2026-09-24
which halong bay cruise backpackers,0,4,0,1,0,,Ubersuggest match_keywords,United States,en,2026-09-24
which halong bay cruise has the best food,0,4,0,1,0,,Ubersuggest match_keywords | Google autocomplete questions,United States,en,2026-09-24
which halong bay cruise reddit,0,4,0,1,0,,Ubersuggest match_keywords,United States,en,2026-09-24
which halong bay cruise to book,0,4,0,1,0,,Ubersuggest match_keywords,United States,en,2026-09-24
which halong bay cruise to choose on klook,0,4,0,1,0,,Ubersuggest match_keywords,United States,en,2026-09-24
which is best halong bay cruise,0,4,0,1,0,,Ubersuggest match_keywords,United States,en,2026-09-24
wonder of the sea halong bay cruise,0,4,0,1,0,,Ubersuggest match_keywords,United States,en,2026-09-24
1 night ha long bay luxury overnight cruise,,,,,,,Google autocomplete suggestions,United States,en,2026-09-24
2 day halong bay overnight cruise from hanoi,,,,,,,Google autocomplete suggestions,United States,en,2026-09-24
3d2n halong bay cruise,,,,,,,Google autocomplete suggestions,United States,en,2026-09-24
5 star luxury ha long bay cruise,,,,,,,Google autocomplete suggestions,United States,en,2026-09-24
alternative to halong bay cruise,,,,,,,Google autocomplete prepositions,United States,en,2026-09-24
amanda cruise halong bay quảng ninh reviews,,,,,,,Google autocomplete suggestions,United States,en,2026-09-24
ambassador cruise halong bay 5 star,,,,,,,Google autocomplete suggestions,United States,en,2026-09-24
ambassador cruise halong bay day trip,,,,,,,Google autocomplete suggestions,United States,en,2026-09-24
ambassador cruise halong bay overnight,,,,,,,Google autocomplete suggestions,United States,en,2026-09-24
ambassador cruise halong bay quảng ninh vietnam,,,,,,,Google autocomplete suggestions,United States,en,2026-09-24
azura cruise halong bay quảng ninh,,,,,,,Google autocomplete suggestions,United States,en,2026-09-24
best ha long bay day cruise reddit,,,,,,,Google autocomplete suggestions,United States,en,2026-09-24
best ha long bay day tour reddit,,,,,,,Google autocomplete suggestions,United States,en,2026-09-24
best ha long bay day trip,,,,,,,Google autocomplete suggestions,United States,en,2026-09-24
best ha long bay overnight cruise reddit,,,,,,,Google autocomplete suggestions,United States,en,2026-09-24
best halong bay cruise 3 days 2 nights,,,,,,,Google autocomplete suggestions,United States,en,2026-09-24
best halong bay cruises 3 days,,,,,,,Google autocomplete suggestions,United States,en,2026-09-24
best halong bay day cruise for indians,,,,,,,Google autocomplete suggestions,United States,en,2026-09-24
best halong bay day trip from hanoi,,,,,,,Google autocomplete suggestions,United States,en,2026-09-24
best halong bay overnight cruise from hanoi,,,,,,,Google autocomplete suggestions,United States,en,2026-09-24
best luxury halong bay overnight cruise,,,,,,,Google autocomplete suggestions,United States,en,2026-09-24
best overnight cruise for halong bay,,,,,,,Google autocomplete suggestions,United States,en,2026-09-24
best overnight cruise in halong bay,,,,,,,Google autocomplete suggestions,United States,en,2026-09-24
budget halong bay overnight cruise,,,,,,,Google autocomplete suggestions,United States,en,2026-09-24
can ha long bay be a day trip,,,,,,,Google autocomplete suggestions | Google autocomplete questions,United States,en,2026-09-24
can ha long bay be a day trip from hanoi,,,,,,,Google autocomplete suggestions | Google autocomplete questions,United States,en,2026-09-24
cat ba to ha long bay day trip,,,,,,,Google autocomplete prepositions,United States,en,2026-09-24
cave in halong bay cruise,,,,,,,Google autocomplete prepositions,United States,en,2026-09-24
cheapest halong bay overnight cruise,,,,,,,Google autocomplete suggestions,United States,en,2026-09-24
cost of ha long bay cruise,,,,,,,Google autocomplete prepositions,United States,en,2026-09-24
cost of halong bay overnight cruise,,,,,,,Google autocomplete suggestions | Google autocomplete prepositions,United States,en,2026-09-24
cruise halong bay 2 nights,,,,,,,Google autocomplete questions,United States,en,2026-09-24
da nang to halong bay cruise,,,,,,,Google autocomplete prepositions,United States,en,2026-09-24
day trip in halong bay,,,,,,,Google autocomplete suggestions,United States,en,2026-09-24
day trip to ha long bay from ha noi,,,,,,,Google autocomplete suggestions | Google autocomplete prepositions,United States,en,2026-09-24
day trips from hanoi to halong bay,,,,,,,Google autocomplete suggestions,United States,en,2026-09-24
dolphin cruise halong bay day trip,,,,,,,Google autocomplete suggestions,United States,en,2026-09-24
dolphin cruise halong bay overnight,,,,,,,Google autocomplete suggestions,United States,en,2026-09-24
elite cruise halong bay,,,,,,,Google autocomplete suggestions,United States,en,2026-09-24
emerald cruises halong bay,,,,,,,Google autocomplete suggestions,United States,en,2026-09-24
erina cruise halong bay,,,,,,,Google autocomplete suggestions,United States,en,2026-09-24
from hanoi halong bay deluxe cruise day trip,,,,,,,Google autocomplete suggestions,United States,en,2026-09-24
get your guide halong bay day cruise,,,,,,,Google autocomplete suggestions,United States,en,2026-09-24
get your guide halong bay overnight cruise,,,,,,,Google autocomplete suggestions,United States,en,2026-09-24
golden sails overnight cruise to halong bay,,,,,,,Google autocomplete suggestions,United States,en,2026-09-24
grand pioneer cruise halong bay,,,,,,,Google autocomplete suggestions,United States,en,2026-09-24
grand pioneers halong bay cruise klook,,,,,,,Google autocomplete suggestions,United States,en,2026-09-24
ha long bay 1 day cruise reddit,,,,,,,Google autocomplete suggestions,United States,en,2026-09-24
ha long bay 1 day trip from hanoi,,,,,,,Google autocomplete suggestions,United States,en,2026-09-24
ha long bay 1 night cruise reddit,,,,,,,Google autocomplete suggestions,United States,en,2026-09-24
ha long bay 2 day 1 night cruise reddit,,,,,,,Google autocomplete suggestions,United States,en,2026-09-24
ha long bay 2 day itinerary,,,,,,,Google autocomplete suggestions,United States,en,2026-09-24
ha long bay 2 day trip,,,,,,,Google autocomplete suggestions,United States,en,2026-09-24
ha long bay 2 day trip from hanoi,,,,,,,Google autocomplete suggestions,United States,en,2026-09-24
ha long bay 3 day cruise reddit,,,,,,,Google autocomplete suggestions,United States,en,2026-09-24
ha long bay cruise 1 night 5 star,,,,,,,Google autocomplete suggestions,United States,en,2026-09-24
ha long bay cruise 1 night cheap,,,,,,,Google autocomplete suggestions,United States,en,2026-09-24
ha long bay cruise 1 night from cat ba,,,,,,,Google autocomplete suggestions,United States,en,2026-09-24
ha long bay cruise 1 night from ninh binh,,,,,,,Google autocomplete suggestions,United States,en,2026-09-24
ha long bay cruise 1 night get your guide,,,,,,,Google autocomplete suggestions,United States,en,2026-09-24
ha long bay cruise 1 night or 2 nights,,,,,,,Google autocomplete suggestions | Google autocomplete comparisons,United States,en,2026-09-24
ha long bay cruise 1 night party,,,,,,,Google autocomplete suggestions,United States,en,2026-09-24
ha long bay cruise 1 night reddit,,,,,,,Google autocomplete suggestions,United States,en,2026-09-24
ha long bay cruise 2 day,,,,,,,Google autocomplete suggestions,United States,en,2026-09-24
ha long bay cruise 2 nights 5 star,,,,,,,Google autocomplete suggestions,United States,en,2026-09-24
ha long bay cruise 2 nights reddit,,,,,,,Google autocomplete suggestions,United States,en,2026-09-24
ha long bay cruise 3 night,,,,,,,Google autocomplete suggestions,United States,en,2026-09-24
ha long bay cruise and ninh binh,,,,,,,Google autocomplete comparisons,United States,en,2026-09-24
ha long bay cruise backpacker,,,,,,,Google autocomplete suggestions,United States,en,2026-09-24
ha long bay cruise best reddit,,,,,,,Google autocomplete suggestions,United States,en,2026-09-24
ha long bay cruise bong,,,,,,,Google autocomplete suggestions,United States,en,2026-09-24
ha long bay cruise day trip from hanoi,,,,,,,Google autocomplete suggestions,United States,en,2026-09-24
ha long bay cruise how long,,,,,,,Google autocomplete suggestions,United States,en,2026-09-24
ha long bay cruise luxury escapes,,,,,,,Google autocomplete suggestions,United States,en,2026-09-24
ha long bay cruise on a junk boat,,,,,,,Google autocomplete suggestions,United States,en,2026-09-24
ha long bay cruise or cat ba island,,,,,,,Google autocomplete suggestions | Google autocomplete comparisons,United States,en,2026-09-24
ha long bay cruise or day trip,,,,,,,Google autocomplete comparisons,United States,en,2026-09-24
ha long bay cruise or not,,,,,,,Google autocomplete comparisons,United States,en,2026-09-24
ha long bay cruise pick up hanoi,,,,,,,Google autocomplete suggestions,United States,en,2026-09-24
ha long bay cruise rain,,,,,,,Google autocomplete suggestions,United States,en,2026-09-24
ha long bay cruise recommendations reddit,,,,,,,Google autocomplete suggestions,United States,en,2026-09-24
ha long bay cruise reddit,,,,,,,Google autocomplete suggestions | Google autocomplete comparisons,United States,en,2026-09-24
ha long bay cruise vietnam reddit,,,,,,,Google autocomplete suggestions,United States,en,2026-09-24
ha long bay cruise vs hotel,,,,,,,Google autocomplete comparisons,United States,en,2026-09-24
ha long bay cruise with hanoi pick up,,,,,,,Google autocomplete suggestions,United States,en,2026-09-24
ha long bay cruise young people reddit,,,,,,,Google autocomplete suggestions,United States,en,2026-09-24
ha long bay day boat tour,,,,,,,Google autocomplete suggestions,United States,en,2026-09-24
ha long bay day cruise from cat ba,,,,,,,Google autocomplete suggestions,United States,en,2026-09-24
ha long bay day cruise from ninh binh,,,,,,,Google autocomplete suggestions,United States,en,2026-09-24
ha long bay day cruise or overnight,,,,,,,Google autocomplete suggestions,United States,en,2026-09-24
ha long bay day cruise private,,,,,,,Google autocomplete suggestions,United States,en,2026-09-24
ha long bay day cruise reddit,,,,,,,Google autocomplete suggestions,United States,en,2026-09-24
ha long bay day cruise swimming meal kayaking,,,,,,,Google autocomplete suggestions,United States,en,2026-09-24
ha long bay day cruise vs overnight cruise,,,,,,,Google autocomplete suggestions,United States,en,2026-09-24
ha long bay day tour cost,,,,,,,Google autocomplete suggestions,United States,en,2026-09-24
ha long bay day tour from hanoi,,,,,,,Google autocomplete suggestions,United States,en,2026-09-24
ha long bay day tour reddit,,,,,,,Google autocomplete suggestions,United States,en,2026-09-24
ha long bay day trip,,,,,,,Google autocomplete suggestions | Google autocomplete questions | Google autocomplete prepositions | Google autocomplete comparisons,United States,en,2026-09-24
ha long bay day trip from cat ba,,,,,,,Google autocomplete suggestions | Google autocomplete questions | Google autocomplete prepositions | Google autocomplete comparisons,United States,en,2026-09-24
ha long bay day trip from da nang,,,,,,,Google autocomplete suggestions,United States,en,2026-09-24
ha long bay day trip from ha long,,,,,,,Google autocomplete suggestions,United States,en,2026-09-24
ha long bay day trip from hanoi reddit,,,,,,,Google autocomplete suggestions | Google autocomplete questions | Google autocomplete prepositions | Google autocomplete comparisons,United States,en,2026-09-24
ha long bay day trip from ninh binh,,,,,,,Google autocomplete suggestions | Google autocomplete questions | Google autocomplete prepositions | Google autocomplete comparisons,United States,en,2026-09-24
ha long bay day trip get your guide,,,,,,,Google autocomplete suggestions,United States,en,2026-09-24
ha long bay day trip hanoi,,,,,,,Google autocomplete suggestions,United States,en,2026-09-24
ha long bay day trip kayak,,,,,,,Google autocomplete suggestions,United States,en,2026-09-24
ha long bay day trip klook,,,,,,,Google autocomplete suggestions | Google autocomplete questions | Google autocomplete prepositions | Google autocomplete comparisons,United States,en,2026-09-24
ha long bay day trip luxury cruise & buffet lunch,,,,,,,Google autocomplete suggestions,United States,en,2026-09-24
ha long bay day trip or overnight,,,,,,,Google autocomplete suggestions | Google autocomplete questions | Google autocomplete prepositions | Google autocomplete comparisons,United States,en,2026-09-24
ha long bay day trip or overnight cruise,,,,,,,Google autocomplete suggestions,United States,en,2026-09-24
ha long bay day trip or overnight reddit,,,,,,,Google autocomplete suggestions | Google autocomplete questions | Google autocomplete prepositions | Google autocomplete comparisons,United States,en,2026-09-24
ha long bay day trip reddit,,,,,,,Google autocomplete suggestions | Google autocomplete questions | Google autocomplete prepositions | Google autocomplete comparisons,United States,en,2026-09-24
ha long bay day trip review,,,,,,,Google autocomplete suggestions,United States,en,2026-09-24
ha long bay day trip tour,,,,,,,Google autocomplete suggestions,United States,en,2026-09-24
ha long bay day trip vs overnight,,,,,,,Google autocomplete suggestions | Google autocomplete questions | Google autocomplete prepositions | Google autocomplete comparisons,United States,en,2026-09-24
ha long bay day trip vs overnight cruise,,,,,,,Google autocomplete suggestions | Google autocomplete comparisons,United States,en,2026-09-24
ha long bay day trip with deluxe cruise,,,,,,,Google autocomplete suggestions,United States,en,2026-09-24
ha long bay day trip worth it,,,,,,,Google autocomplete suggestions,United States,en,2026-09-24
ha long bay day trips,,,,,,,Google autocomplete suggestions,United States,en,2026-09-24
ha long bay day vs overnight cruise,,,,,,,Google autocomplete suggestions,United States,en,2026-09-24
ha long bay eco cruise,,,,,,,Google autocomplete suggestions,United States,en,2026-09-24
ha long bay ginger cruise,,,,,,,Google autocomplete suggestions,United States,en,2026-09-24
ha long bay half day trip,,,,,,,Google autocomplete suggestions,United States,en,2026-09-24
ha long bay junk cruise and kayak experience,,,,,,,Google autocomplete suggestions | Google autocomplete comparisons,United States,en,2026-09-24
ha long bay luxury day cruise caves kayak & buffet lunch,,,,,,,Google autocomplete suggestions,United States,en,2026-09-24
ha long bay new year cruise,,,,,,,Google autocomplete suggestions,United States,en,2026-09-24
ha long bay nye cruise,,,,,,,Google autocomplete suggestions,United States,en,2026-09-24
ha long bay one day tour reddit,,,,,,,Google autocomplete suggestions,United States,en,2026-09-24
ha long bay or lan ha bay overnight cruise,,,,,,,Google autocomplete suggestions,United States,en,2026-09-24
ha long bay overnight cruise,,,,,,,Google autocomplete suggestions | Google autocomplete questions | Google autocomplete prepositions | Google autocomplete comparisons,United States,en,2026-09-24
ha long bay overnight cruise booking com,,,,,,,Google autocomplete suggestions,United States,en,2026-09-24
ha long bay overnight cruise budget,,,,,,,Google autocomplete suggestions,United States,en,2026-09-24
ha long bay overnight cruise cost,,,,,,,Google autocomplete suggestions,United States,en,2026-09-24
ha long bay overnight cruise from hanoi,,,,,,,Google autocomplete prepositions,United States,en,2026-09-24
ha long bay overnight cruise from hanoi reddit,,,,,,,Google autocomplete suggestions,United States,en,2026-09-24
ha long bay overnight cruise on capella,,,,,,,Google autocomplete suggestions,United States,en,2026-09-24
ha long bay overnight cruise party,,,,,,,Google autocomplete suggestions,United States,en,2026-09-24
ha long bay overnight cruise private,,,,,,,Google autocomplete suggestions,United States,en,2026-09-24
ha long bay overnight cruise reddit,,,,,,,Google autocomplete suggestions | Google autocomplete questions | Google autocomplete prepositions | Google autocomplete comparisons,United States,en,2026-09-24
ha long bay overnight cruise worth it,,,,,,,Google autocomplete suggestions | Google autocomplete questions | Google autocomplete prepositions | Google autocomplete comparisons,United States,en,2026-09-24
ha long bay overnight junk boat cruise,,,,,,,Google autocomplete suggestions,United States,en,2026-09-24
ha long bay to phu quoc cruise,,,,,,,Google autocomplete suggestions,United States,en,2026-09-24
ha long bay tour 3 days,,,,,,,Google autocomplete suggestions,United States,en,2026-09-24
ha long bay vietnam overnight cruise,,,,,,,Google autocomplete suggestions,United States,en,2026-09-24
ha long lan ha bay overnight cruise,,,,,,,Google autocomplete suggestions,United States,en,2026-09-24
halong bay 1 day,,,,,,,Google autocomplete suggestions,United States,en,2026-09-24
halong bay 1 day cruise itinerary,,,,,,,Google autocomplete suggestions,United States,en,2026-09-24
halong bay 1 day cruise price,,,,,,,Google autocomplete suggestions,United States,en,2026-09-24
halong bay 1 day luxury cruise,,,,,,,Google autocomplete suggestions,United States,en,2026-09-24
halong bay 1 day trip,,,,,,,Google autocomplete suggestions,United States,en,2026-09-24
halong bay 1 night cruise from hanoi,,,,,,,Google autocomplete suggestions,United States,en,2026-09-24
halong bay 1 night cruise itinerary,,,,,,,Google autocomplete suggestions,United States,en,2026-09-24
halong bay 1 night cruise jasmine junk superior cabin,,,,,,,Google autocomplete suggestions,United States,en,2026-09-24
halong bay 1 night cruise price,,,,,,,Google autocomplete suggestions,United States,en,2026-09-24
halong bay 2 day 1 night cruise from hanoi,,,,,,,Google autocomplete suggestions,United States,en,2026-09-24
halong bay 2 day 1 night cruise price,,,,,,,Google autocomplete suggestions,United States,en,2026-09-24
halong bay 2 day cruise itinerary,,,,,,,Google autocomplete suggestions,United States,en,2026-09-24
halong bay 2 day cruise price,,,,,,,Google autocomplete suggestions,United States,en,2026-09-24
halong bay 2 day luxury cruise,,,,,,,Google autocomplete suggestions,United States,en,2026-09-24
halong bay 2 days cruise,,,,,,,Google autocomplete suggestions,United States,en,2026-09-24
halong bay 3 day 2 night,,,,,,,Google autocomplete suggestions,United States,en,2026-09-24
halong bay 3 day cruise from hanoi,,,,,,,Google autocomplete suggestions,United States,en,2026-09-24
halong bay 3 day cruise itinerary,,,,,,,Google autocomplete suggestions,United States,en,2026-09-24
halong bay 3 day cruise price,,,,,,,Google autocomplete suggestions,United States,en,2026-09-24
halong bay 3 day luxury cruise,,,,,,,Google autocomplete suggestions,United States,en,2026-09-24
halong bay 3 day trip,,,,,,,Google autocomplete suggestions,United States,en,2026-09-24
halong bay 3 days cruise,,,,,,,Google autocomplete suggestions,United States,en,2026-09-24
halong bay 5 star cruise 2 days,,,,,,,Google autocomplete suggestions,United States,en,2026-09-24
halong bay 5 star cruise itinerary,,,,,,,Google autocomplete suggestions,United States,en,2026-09-24
halong bay 5 star luxury cruise,,,,,,,Google autocomplete suggestions,United States,en,2026-09-24
halong bay 6 hour cruise price,,,,,,,Google autocomplete suggestions,United States,en,2026-09-24
halong bay 6 star day cruise,,,,,,,Google autocomplete suggestions,United States,en,2026-09-24
halong bay 8 hour cruise,,,,,,,Google autocomplete suggestions,United States,en,2026-09-24
halong bay best cruise reddit,,,,,,,Google autocomplete questions | Google autocomplete comparisons,United States,en,2026-09-24
halong bay boat cruise,,,,,,,Google autocomplete suggestions,United States,en,2026-09-24
halong bay cruise 1 day,,,,,,,Google autocomplete suggestions,United States,en,2026-09-24
halong bay cruise 1 night agoda,,,,,,,Google autocomplete suggestions,United States,en,2026-09-24
halong bay cruise 1 night ambassador,,,,,,,Google autocomplete suggestions,United States,en,2026-09-24
halong bay cruise 1 night best,,,,,,,Google autocomplete suggestions,United States,en,2026-09-24
halong bay cruise 1 night budget,,,,,,,Google autocomplete suggestions,United States,en,2026-09-24
halong bay cruise 1 night cost,,,,,,,Google autocomplete suggestions | Google autocomplete comparisons,United States,en,2026-09-24
halong bay cruise 1 night itinerary,,,,,,,Google autocomplete suggestions,United States,en,2026-09-24
halong bay cruise 1 night package,,,,,,,Google autocomplete suggestions,United States,en,2026-09-24
halong bay cruise 1 night recommendations,,,,,,,Google autocomplete suggestions,United States,en,2026-09-24
halong bay cruise 1 night small boat,,,,,,,Google autocomplete suggestions,United States,en,2026-09-24
halong bay cruise 1 night stay,,,,,,,Google autocomplete suggestions,United States,en,2026-09-24
halong bay cruise 1 or 2 nights,,,,,,,Google autocomplete suggestions | Google autocomplete comparisons,United States,en,2026-09-24
halong bay cruise 2 days,,,,,,,Google autocomplete suggestions,United States,en,2026-09-24
halong bay cruise 2 days 1 night itinerary,,,,,,,Google autocomplete suggestions,United States,en,2026-09-24
halong bay cruise 2 nights klook,,,,,,,Google autocomplete suggestions,United States,en,2026-09-24
halong bay cruise 2 nights luxury,,,,,,,Google autocomplete suggestions,United States,en,2026-09-24
halong bay cruise 2 nights price,,,,,,,Google autocomplete suggestions,United States,en,2026-09-24
halong bay cruise 2d1n,,,,,,,Google autocomplete suggestions,United States,en,2026-09-24
halong bay cruise 3 days,,,,,,,Google autocomplete suggestions,United States,en,2026-09-24
halong bay cruise 3 days 2 nights,,,,,,,Google autocomplete suggestions,United States,en,2026-09-24
halong bay cruise 3 days 2 nights luxury,,,,,,,Google autocomplete suggestions,United States,en,2026-09-24
halong bay cruise 3 days 2 nights price,,,,,,,Google autocomplete suggestions,United States,en,2026-09-24
halong bay cruise 3 days 2 nights reviews,,,,,,,Google autocomplete suggestions,United States,en,2026-09-24
halong bay cruise 3d2n,,,,,,,Google autocomplete suggestions,United States,en,2026-09-24
halong bay cruise 4 days,,,,,,,Google autocomplete suggestions,United States,en,2026-09-24
halong bay cruise 4 days 3 nights,,,,,,,Google autocomplete suggestions,United States,en,2026-09-24
halong bay cruise 4 star,,,,,,,Google autocomplete suggestions,United States,en,2026-09-24
halong bay cruise 4*,,,,,,,Google autocomplete suggestions,United States,en,2026-09-24
halong bay cruise 5 *,,,,,,,Google autocomplete suggestions,United States,en,2026-09-24
halong bay cruise 6 hours,,,,,,,Google autocomplete suggestions,United States,en,2026-09-24
halong bay cruise accident 2025,,,,,,,Google autocomplete suggestions,United States,en,2026-09-24
halong bay cruise activities,,,,,,,Google autocomplete suggestions,United States,en,2026-09-24
halong bay cruise airport pick up,,,,,,,Google autocomplete suggestions,United States,en,2026-09-24
halong bay cruise all inclusive,,,,,,,Google autocomplete suggestions,United States,en,2026-09-24
halong bay cruise amanda,,,,,,,Google autocomplete suggestions,United States,en,2026-09-24
halong bay cruise ambassador,,,,,,,Google autocomplete suggestions,United States,en,2026-09-24
halong bay cruise au co,,,,,,,Google autocomplete suggestions,United States,en,2026-09-24
halong bay cruise best time to visit,,,,,,,Google autocomplete suggestions,United States,en,2026-09-24
halong bay cruise bhaya classic,,,,,,,Google autocomplete suggestions,United States,en,2026-09-24
halong bay cruise boats,,,,,,,Google autocomplete suggestions,United States,en,2026-09-24
halong bay cruise booking online,,,,,,,Google autocomplete suggestions,United States,en,2026-09-24
halong bay cruise cancelled,,,,,,,Google autocomplete suggestions,United States,en,2026-09-24
halong bay cruise capacity,,,,,,,Google autocomplete suggestions,United States,en,2026-09-24
halong bay cruise capella,,,,,,,Google autocomplete suggestions,United States,en,2026-09-24
halong bay cruise cave,,,,,,,Google autocomplete suggestions,United States,en,2026-09-24
halong bay cruise cheapest,,,,,,,Google autocomplete suggestions,United States,en,2026-09-24
halong bay cruise day trip,,,,,,,Google autocomplete suggestions | Google autocomplete comparisons,United States,en,2026-09-24
halong bay cruise death,,,,,,,Google autocomplete suggestions,United States,en,2026-09-24
halong bay cruise departure point,,,,,,,Google autocomplete suggestions,United States,en,2026-09-24
halong bay cruise departure time,,,,,,,Google autocomplete suggestions,United States,en,2026-09-24
halong bay cruise details,,,,,,,Google autocomplete suggestions,United States,en,2026-09-24
halong bay cruise dolphin,,,,,,,Google autocomplete suggestions,United States,en,2026-09-24
halong bay cruise dress code,,,,,,,Google autocomplete suggestions,United States,en,2026-09-24
halong bay cruise elite,,,,,,,Google autocomplete suggestions,United States,en,2026-09-24
halong bay cruise elite of the seas,,,,,,,Google autocomplete suggestions,United States,en,2026-09-24
halong bay cruise emeraude,,,,,,,Google autocomplete suggestions,United States,en,2026-09-24
halong bay cruise expedia,,,,,,,Google autocomplete suggestions,United States,en,2026-09-24
halong bay cruise experience,,,,,,,Google autocomplete suggestions,United States,en,2026-09-24
halong bay cruise food,,,,,,,Google autocomplete suggestions,United States,en,2026-09-24
halong bay cruise for backpackers,,,,,,,Google autocomplete suggestions,United States,en,2026-09-24
halong bay cruise for family,,,,,,,Google autocomplete suggestions,United States,en,2026-09-24
halong bay cruise for singles,,,,,,,Google autocomplete suggestions,United States,en,2026-09-24
halong bay cruise for solo travellers,,,,,,,Google autocomplete suggestions,United States,en,2026-09-24
halong bay cruise for young adults,,,,,,,Google autocomplete suggestions,United States,en,2026-09-24
halong bay cruise from cat ba,,,,,,,Google autocomplete suggestions,United States,en,2026-09-24
halong bay cruise from da nang,,,,,,,Google autocomplete suggestions,United States,en,2026-09-24
halong bay cruise from haiphong,,,,,,,Google autocomplete suggestions,United States,en,2026-09-24
halong bay cruise from hanoi,,,,,,,Google autocomplete suggestions | Google autocomplete prepositions | Google autocomplete comparisons,United States,en,2026-09-24
halong bay cruise from ho chi minh city,,,,,,,Google autocomplete suggestions,United States,en,2026-09-24
halong bay cruise from ninh binh,,,,,,,Google autocomplete suggestions,United States,en,2026-09-24
halong bay cruise genesis,,,,,,,Google autocomplete suggestions,United States,en,2026-09-24
halong bay cruise get your guide,,,,,,,Google autocomplete suggestions,United States,en,2026-09-24
halong bay cruise grand pioneers,,,,,,,Google autocomplete suggestions,United States,en,2026-09-24
halong bay cruise halal,,,,,,,Google autocomplete suggestions,United States,en,2026-09-24
halong bay cruise halal food,,,,,,,Google autocomplete suggestions,United States,en,2026-09-24
halong bay cruise hermes,,,,,,,Google autocomplete suggestions,United States,en,2026-09-24
halong bay cruise how many days,,,,,,,Google autocomplete suggestions | Google autocomplete questions | Google autocomplete prepositions | Google autocomplete comparisons,United States,en,2026-09-24
halong bay cruise how to choose,,,,,,,Google autocomplete suggestions,United States,en,2026-09-24
halong bay cruise hunters,,,,,,,Google autocomplete suggestions | Google autocomplete comparisons,United States,en,2026-09-24
halong bay cruise in august,,,,,,,Google autocomplete suggestions,United States,en,2026-09-24
halong bay cruise in december,,,,,,,Google autocomplete suggestions,United States,en,2026-09-24
halong bay cruise in july,,,,,,,Google autocomplete suggestions,United States,en,2026-09-24
halong bay cruise in november,,,,,,,Google autocomplete suggestions,United States,en,2026-09-24
halong bay cruise in september,,,,,,,Google autocomplete suggestions,United States,en,2026-09-24
halong bay cruise in vietnam,,,,,,,Google autocomplete suggestions,United States,en,2026-09-24
halong bay cruise inclusions,,,,,,,Google autocomplete suggestions,United States,en,2026-09-24
halong bay cruise indian,,,,,,,Google autocomplete suggestions,United States,en,2026-09-24
halong bay cruise indian food,,,,,,,Google autocomplete suggestions,United States,en,2026-09-24
halong bay cruise indochina junk,,,,,,,Google autocomplete suggestions,United States,en,2026-09-24
halong bay cruise jacuzzi,,,,,,,Google autocomplete suggestions,United States,en,2026-09-24
halong bay cruise january,,,,,,,Google autocomplete suggestions,United States,en,2026-09-24
halong bay cruise kayaking,,,,,,,Google autocomplete suggestions,United States,en,2026-09-24
halong bay cruise kids,,,,,,,Google autocomplete suggestions,United States,en,2026-09-24
halong bay cruise kids friendly,,,,,,,Google autocomplete suggestions,United States,en,2026-09-24
halong bay cruise klook,,,,,,,Google autocomplete suggestions,United States,en,2026-09-24
halong bay cruise kuoni,,,,,,,Google autocomplete suggestions,United States,en,2026-09-24
halong bay cruise la pandora,,,,,,,Google autocomplete suggestions,United States,en,2026-09-24
halong bay cruise lavender cruise,,,,,,,Google autocomplete suggestions,United States,en,2026-09-24
halong bay cruise le journey classic lavender,,,,,,,Google autocomplete suggestions,United States,en,2026-09-24
halong bay cruise luggage allowance,,,,,,,Google autocomplete suggestions,United States,en,2026-09-24
halong bay cruise luxury vietnam,,,,,,,Google autocomplete suggestions,United States,en,2026-09-24
halong bay cruise map,,,,,,,Google autocomplete suggestions,United States,en,2026-09-24
halong bay cruise mon cheri,,,,,,,Google autocomplete suggestions,United States,en,2026-09-24
halong bay cruise motion sickness,,,,,,,Google autocomplete suggestions,United States,en,2026-09-24
halong bay cruise news,,,,,,,Google autocomplete suggestions,United States,en,2026-09-24
halong bay cruise night stay,,,,,,,Google autocomplete suggestions,United States,en,2026-09-24
halong bay cruise november,,,,,,,Google autocomplete suggestions,United States,en,2026-09-24
halong bay cruise official website,,,,,,,Google autocomplete suggestions,United States,en,2026-09-24
halong bay cruise operators,,,,,,,Google autocomplete suggestions,United States,en,2026-09-24
halong bay cruise options,,,,,,,Google autocomplete suggestions,United States,en,2026-09-24
halong bay cruise outfit,,,,,,,Google autocomplete suggestions,United States,en,2026-09-24
halong bay cruise pick up from hanoi,,,,,,,Google autocomplete suggestions,United States,en,2026-09-24
halong bay cruise pictures,,,,,,,Google autocomplete suggestions,United States,en,2026-09-24
halong bay cruise port excursions,,,,,,,Google autocomplete suggestions,United States,en,2026-09-24
halong bay cruise port name,,,,,,,Google autocomplete suggestions,United States,en,2026-09-24
halong bay cruise port things to do,,,,,,,Google autocomplete suggestions,United States,en,2026-09-24
halong bay cruise port to hanoi,,,,,,,Google autocomplete suggestions,United States,en,2026-09-24
halong bay cruise price,,,,,,,Google autocomplete suggestions | Google autocomplete questions | Google autocomplete prepositions | Google autocomplete comparisons,United States,en,2026-09-24
halong bay cruise price 1 night,,,,,,,Google autocomplete suggestions,United States,en,2026-09-24
halong bay cruise quotes,,,,,,,Google autocomplete suggestions,United States,en,2026-09-24
halong bay cruise ratings,,,,,,,Google autocomplete suggestions,United States,en,2026-09-24
halong bay cruise reviews,,,,,,,Google autocomplete suggestions | Google autocomplete prepositions | Google autocomplete comparisons,United States,en,2026-09-24
halong bay cruise rooms,,,,,,,Google autocomplete suggestions,United States,en,2026-09-24
halong bay cruise safety,,,,,,,Google autocomplete suggestions,United States,en,2026-09-24
halong bay cruise sea sickness,,,,,,,Google autocomplete suggestions,United States,en,2026-09-24
halong bay cruise seasick,,,,,,,Google autocomplete questions,United States,en,2026-09-24
halong bay cruise squid fishing,,,,,,,Google autocomplete suggestions,United States,en,2026-09-24
halong bay cruise suspended,,,,,,,Google autocomplete suggestions,United States,en,2026-09-24
halong bay cruise terminal to hanoi airport distance,,,,,,,Google autocomplete suggestions,United States,en,2026-09-24
halong bay cruise tipping,,,,,,,Google autocomplete suggestions,United States,en,2026-09-24
halong bay cruise tips,,,,,,,Google autocomplete suggestions | Google autocomplete questions | Google autocomplete prepositions | Google autocomplete comparisons,United States,en,2026-09-24
halong bay cruise to hanoi airport distance,,,,,,,Google autocomplete suggestions,United States,en,2026-09-24
halong bay cruise today,,,,,,,Google autocomplete suggestions,United States,en,2026-09-24
halong bay cruise tomorrow,,,,,,,Google autocomplete suggestions,United States,en,2026-09-24
halong bay cruise typhoon,,,,,,,Google autocomplete suggestions,United States,en,2026-09-24
halong bay cruise update today,,,,,,,Google autocomplete suggestions,United States,en,2026-09-24
halong bay cruise v spirit,,,,,,,Google autocomplete suggestions,United States,en,2026-09-24
halong bay cruise vegetarian food,,,,,,,Google autocomplete suggestions,United States,en,2026-09-24
halong bay cruise viator,,,,,,,Google autocomplete suggestions,United States,en,2026-09-24
halong bay cruise victory star,,,,,,,Google autocomplete suggestions,United States,en,2026-09-24
halong bay cruise video,,,,,,,Google autocomplete suggestions,United States,en,2026-09-24
halong bay cruise vietnam price,,,,,,,Google autocomplete suggestions,United States,en,2026-09-24
halong bay cruise weather forecast,,,,,,,Google autocomplete suggestions,United States,en,2026-09-24
halong bay cruise what to wear,,,,,,,Google autocomplete suggestions,United States,en,2026-09-24
halong bay cruise with kayaking,,,,,,,Google autocomplete suggestions,United States,en,2026-09-24
halong bay cruise with kids,,,,,,,Google autocomplete suggestions,United States,en,2026-09-24
halong bay cruise with transfer from hanoi,,,,,,,Google autocomplete suggestions,United States,en,2026-09-24
halong bay cruise with vegetarian options,,,,,,,Google autocomplete suggestions,United States,en,2026-09-24
halong bay cruise worth it,,,,,,,Google autocomplete suggestions,United States,en,2026-09-24
halong bay cruise youtube,,,,,,,Google autocomplete suggestions,United States,en,2026-09-24
halong bay cruises comparison,,,,,,,Google autocomplete comparisons,United States,en,2026-09-24
halong bay cruises marvel travel,,,,,,,Google autocomplete suggestions,United States,en,2026-09-24
halong bay day activities,,,,,,,Google autocomplete suggestions,United States,en,2026-09-24
halong bay day boat,,,,,,,Google autocomplete suggestions,United States,en,2026-09-24
halong bay day cruise 5 star,,,,,,,Google autocomplete suggestions,United States,en,2026-09-24
halong bay day cruise activities,,,,,,,Google autocomplete suggestions,United States,en,2026-09-24
halong bay day cruise agoda,,,,,,,Google autocomplete suggestions,United States,en,2026-09-24
halong bay day cruise ambassador,,,,,,,Google autocomplete suggestions,United States,en,2026-09-24
halong bay day cruise best,,,,,,,Google autocomplete suggestions,United States,en,2026-09-24
halong bay day cruise booking,,,,,,,Google autocomplete suggestions,United States,en,2026-09-24
halong bay day cruise cost,,,,,,,Google autocomplete suggestions,United States,en,2026-09-24
halong bay day cruise dolphin,,,,,,,Google autocomplete suggestions,United States,en,2026-09-24
halong bay day cruise duration,,,,,,,Google autocomplete suggestions,United States,en,2026-09-24
halong bay day cruise experience,,,,,,,Google autocomplete suggestions,United States,en,2026-09-24
halong bay day cruise from hanoi,,,,,,,Google autocomplete suggestions,United States,en,2026-09-24
halong bay day cruise from hanoi price,,,,,,,Google autocomplete suggestions,United States,en,2026-09-24
halong bay day cruise from ninh binh,,,,,,,Google autocomplete suggestions,United States,en,2026-09-24
halong bay day cruise hanoi,,,,,,,Google autocomplete suggestions,United States,en,2026-09-24
halong bay day cruise inclusions,,,,,,,Google autocomplete suggestions,United States,en,2026-09-24
halong bay day cruise itinerary,,,,,,,Google autocomplete suggestions,United States,en,2026-09-24
halong bay day cruise klook,,,,,,,Google autocomplete suggestions,United States,en,2026-09-24
halong bay day cruise luxury,,,,,,,Google autocomplete suggestions,United States,en,2026-09-24
halong bay day cruise luxury jade sails,,,,,,,Google autocomplete suggestions,United States,en,2026-09-24
halong bay day cruise name,,,,,,,Google autocomplete suggestions,United States,en,2026-09-24
halong bay day cruise options,,,,,,,Google autocomplete suggestions,United States,en,2026-09-24
halong bay day cruise or overnight,,,,,,,Google autocomplete comparisons | Google autocomplete suggestions,United States,en,2026-09-24
halong bay day cruise outfit,,,,,,,Google autocomplete suggestions,United States,en,2026-09-24
halong bay day cruise package,,,,,,,Google autocomplete suggestions,United States,en,2026-09-24
halong bay day cruise party,,,,,,,Google autocomplete suggestions,United States,en,2026-09-24
halong bay day cruise price,,,,,,,Google autocomplete suggestions | Google autocomplete questions,United States,en,2026-09-24
halong bay day cruise price in inr,,,,,,,Google autocomplete suggestions,United States,en,2026-09-24
halong bay day cruise recommendations,,,,,,,Google autocomplete suggestions,United States,en,2026-09-24
halong bay day cruise reviews,,,,,,,Google autocomplete suggestions,United States,en,2026-09-24
halong bay day cruise schedule,,,,,,,Google autocomplete suggestions,United States,en,2026-09-24
halong bay day cruise ticket,,,,,,,Google autocomplete suggestions,United States,en,2026-09-24
halong bay day cruise timings,,,,,,,Google autocomplete suggestions,United States,en,2026-09-24
halong bay day cruise tripadvisor,,,,,,,Google autocomplete suggestions,United States,en,2026-09-24
halong bay day cruise video,,,,,,,Google autocomplete suggestions,United States,en,2026-09-24
halong bay day cruise vietnam,,,,,,,Google autocomplete suggestions,United States,en,2026-09-24
halong bay day cruise vs night cruise,,,,,,,Google autocomplete suggestions | Google autocomplete comparisons,United States,en,2026-09-24
halong bay day cruise vs overnight,,,,,,,Google autocomplete comparisons | Google autocomplete suggestions,United States,en,2026-09-24
halong bay day cruise vs overnight cruise reddit,,,,,,,Google autocomplete suggestions | Google autocomplete comparisons,United States,en,2026-09-24
halong bay day cruise what to wear,,,,,,,Google autocomplete suggestions,United States,en,2026-09-24
halong bay day cruise with indian food,,,,,,,Google autocomplete suggestions,United States,en,2026-09-24
halong bay day cruise with indian lunch,,,,,,,Google autocomplete suggestions,United States,en,2026-09-24
halong bay day cruise with kayaking,,,,,,,Google autocomplete suggestions,United States,en,2026-09-24
halong bay day cruise with lunch,,,,,,,Google autocomplete suggestions,United States,en,2026-09-24
halong bay day cruise with room,,,,,,,Google autocomplete suggestions,United States,en,2026-09-24
halong bay day cruise with vegetarian food,,,,,,,Google autocomplete suggestions,United States,en,2026-09-24
halong bay day cruise with vegetarian options,,,,,,,Google autocomplete suggestions,United States,en,2026-09-24
halong bay day cruise worth it,,,,,,,Google autocomplete suggestions,United States,en,2026-09-24
halong bay day cruises,,,,,,,Google autocomplete suggestions,United States,en,2026-09-24
halong bay day or overnight,,,,,,,Google autocomplete suggestions,United States,en,2026-09-24
halong bay day tour cruise,,,,,,,Google autocomplete suggestions,United States,en,2026-09-24
halong bay day tour itinerary,,,,,,,Google autocomplete suggestions,United States,en,2026-09-24
halong bay day tour klook,,,,,,,Google autocomplete suggestions,United States,en,2026-09-24
halong bay day tour or overnight,,,,,,,Google autocomplete suggestions | Google autocomplete comparisons,United States,en,2026-09-24
halong bay day tour price,,,,,,,Google autocomplete suggestions,United States,en,2026-09-24
halong bay day tour timings,,,,,,,Google autocomplete suggestions,United States,en,2026-09-24
halong bay day tour tripadvisor,,,,,,,Google autocomplete suggestions,United States,en,2026-09-24
halong bay day tour with titop island cave kayak & lunch,,,,,,,Google autocomplete suggestions,United States,en,2026-09-24
halong bay day trip boat,,,,,,,Google autocomplete suggestions,United States,en,2026-09-24
halong bay day trip booking,,,,,,,Google autocomplete suggestions,United States,en,2026-09-24
halong bay day trip cost,,,,,,,Google autocomplete suggestions,United States,en,2026-09-24
halong bay day trip cruise,,,,,,,Google autocomplete suggestions,United States,en,2026-09-24
halong bay day trip from cruise port,,,,,,,Google autocomplete suggestions,United States,en,2026-09-24
halong bay day trip from halong,,,,,,,Google autocomplete suggestions,United States,en,2026-09-24
halong bay day trip from hanoi,,,,,,,Google autocomplete suggestions | Google autocomplete questions | Google autocomplete prepositions | Google autocomplete comparisons,United States,en,2026-09-24
halong bay day trip from hanoi klook,,,,,,,Google autocomplete suggestions,United States,en,2026-09-24
halong bay day trip from hanoi price,,,,,,,Google autocomplete suggestions | Google autocomplete questions | Google autocomplete prepositions | Google autocomplete comparisons,United States,en,2026-09-24
halong bay day trip from ho chi minh,,,,,,,Google autocomplete suggestions | Google autocomplete questions | Google autocomplete prepositions | Google autocomplete comparisons,United States,en,2026-09-24
halong bay day trip itinerary,,,,,,,Google autocomplete suggestions | Google autocomplete questions | Google autocomplete prepositions | Google autocomplete comparisons,United States,en,2026-09-24
halong bay day trip luxury,,,,,,,Google autocomplete suggestions | Google autocomplete questions,United States,en,2026-09-24
halong bay day trip or overnight,,,,,,,Google autocomplete suggestions | Google autocomplete comparisons,United States,en,2026-09-24
halong bay day trip or stay,,,,,,,Google autocomplete suggestions | Google autocomplete comparisons,United States,en,2026-09-24
halong bay day trip package,,,,,,,Google autocomplete suggestions | Google autocomplete questions | Google autocomplete prepositions | Google autocomplete comparisons,United States,en,2026-09-24
halong bay day trip price,,,,,,,Google autocomplete suggestions | Google autocomplete questions | Google autocomplete prepositions | Google autocomplete comparisons,United States,en,2026-09-24
halong bay day trip timings,,,,,,,Google autocomplete suggestions,United States,en,2026-09-24
halong bay day trip what to wear,,,,,,,Google autocomplete suggestions,United States,en,2026-09-24
halong bay day trips from hanoi,,,,,,,Google autocomplete suggestions,United States,en,2026-09-24
halong bay day vs night cruise,,,,,,,Google autocomplete suggestions,United States,en,2026-09-24
halong bay deluxe day cruise 6h,,,,,,,Google autocomplete suggestions,United States,en,2026-09-24
halong bay deluxe day cruise 6h with kayaking,,,,,,,Google autocomplete suggestions,United States,en,2026-09-24
halong bay emperor cruise,,,,,,,Google autocomplete suggestions,United States,en,2026-09-24
halong bay evening cruise,,,,,,,Google autocomplete suggestions,United States,en,2026-09-24
halong bay full day luxury cruise,,,,,,,Google autocomplete suggestions,United States,en,2026-09-24
halong bay gay cruise,,,,,,,Google autocomplete suggestions,United States,en,2026-09-24
halong bay golden cruise,,,,,,,Google autocomplete suggestions,United States,en,2026-09-24
halong bay half day boat tour,,,,,,,Google autocomplete suggestions,United States,en,2026-09-24
halong bay jasmine cruise,,,,,,,Google autocomplete suggestions,United States,en,2026-09-24
halong bay junk boat day trip,,,,,,,Google autocomplete suggestions,United States,en,2026-09-24
halong bay junk cruise independent short break,,,,,,,Google autocomplete suggestions,United States,en,2026-09-24
halong bay junk cruise intrepid,,,,,,,Google autocomplete suggestions,United States,en,2026-09-24
halong bay luxury cruise day trip,,,,,,,Google autocomplete suggestions,United States,en,2026-09-24
halong bay luxury cruise reddit,,,,,,,Google autocomplete comparisons,United States,en,2026-09-24
halong bay luxury day cruise with buffet kayak swim,,,,,,,Google autocomplete suggestions,United States,en,2026-09-24
halong bay luxury day cruise with kayak speed boat sunset,,,,,,,Google autocomplete suggestions,United States,en,2026-09-24
halong bay night cruise price,,,,,,,Google autocomplete suggestions,United States,en,2026-09-24
halong bay one day tours hà nội reviews,,,,,,,Google autocomplete suggestions,United States,en,2026-09-24
halong bay one day trip,,,,,,,Google autocomplete suggestions,United States,en,2026-09-24
halong bay one day trip from hanoi,,,,,,,Google autocomplete suggestions,United States,en,2026-09-24
halong bay overnight boat cruise,,,,,,,Google autocomplete suggestions,United States,en,2026-09-24
halong bay overnight cruise 1 night,,,,,,,Google autocomplete suggestions,United States,en,2026-09-24
halong bay overnight cruise 5 star,,,,,,,Google autocomplete suggestions | Google autocomplete prepositions,United States,en,2026-09-24
halong bay overnight cruise activities,,,,,,,Google autocomplete suggestions,United States,en,2026-09-24
halong bay overnight cruise best,,,,,,,Google autocomplete suggestions | Google autocomplete questions | Google autocomplete prepositions | Google autocomplete comparisons,United States,en,2026-09-24
halong bay overnight cruise booking,,,,,,,Google autocomplete suggestions | Google autocomplete questions | Google autocomplete prepositions | Google autocomplete comparisons,United States,en,2026-09-24
halong bay overnight cruise cheap,,,,,,,Google autocomplete suggestions,United States,en,2026-09-24
halong bay overnight cruise check in time,,,,,,,Google autocomplete suggestions,United States,en,2026-09-24
halong bay overnight cruise cost,,,,,,,Google autocomplete suggestions | Google autocomplete questions | Google autocomplete prepositions | Google autocomplete comparisons,United States,en,2026-09-24
halong bay overnight cruise double occupancy,,,,,,,Google autocomplete suggestions | Google autocomplete questions,United States,en,2026-09-24
halong bay overnight cruise from hanoi,,,,,,,Google autocomplete suggestions | Google autocomplete questions | Google autocomplete prepositions | Google autocomplete comparisons,United States,en,2026-09-24
halong bay overnight cruise from hanoi price,,,,,,,Google autocomplete suggestions,United States,en,2026-09-24
halong bay overnight cruise from ninh binh,,,,,,,Google autocomplete suggestions | Google autocomplete questions | Google autocomplete prepositions | Google autocomplete comparisons,United States,en,2026-09-24
halong bay overnight cruise is it worth it,,,,,,,Google autocomplete suggestions,United States,en,2026-09-24
halong bay overnight cruise itinerary,,,,,,,Google autocomplete suggestions | Google autocomplete questions | Google autocomplete prepositions | Google autocomplete comparisons,United States,en,2026-09-24
halong bay overnight cruise junk boat,,,,,,,Google autocomplete suggestions | Google autocomplete questions | Google autocomplete prepositions | Google autocomplete comparisons,United States,en,2026-09-24
halong bay overnight cruise klook,,,,,,,Google autocomplete suggestions | Google autocomplete questions | Google autocomplete prepositions | Google autocomplete comparisons,United States,en,2026-09-24
halong bay overnight cruise luxury,,,,,,,Google autocomplete suggestions,United States,en,2026-09-24
halong bay overnight cruise or day cruise,,,,,,,Google autocomplete suggestions,United States,en,2026-09-24
halong bay overnight cruise or day trip,,,,,,,Google autocomplete suggestions | Google autocomplete questions | Google autocomplete prepositions | Google autocomplete comparisons,United States,en,2026-09-24
halong bay overnight cruise price,,,,,,,Google autocomplete suggestions | Google autocomplete questions | Google autocomplete prepositions | Google autocomplete comparisons,United States,en,2026-09-24
halong bay overnight cruise price in inr,,,,,,,Google autocomplete suggestions | Google autocomplete questions | Google autocomplete prepositions | Google autocomplete comparisons,United States,en,2026-09-24
halong bay overnight cruise recommendations,,,,,,,Google autocomplete suggestions,United States,en,2026-09-24
halong bay overnight cruise reddit,,,,,,,Google autocomplete suggestions | Google autocomplete questions | Google autocomplete prepositions | Google autocomplete comparisons,United States,en,2026-09-24
halong bay overnight cruise reviews,,,,,,,Google autocomplete suggestions | Google autocomplete questions | Google autocomplete prepositions | Google autocomplete comparisons,United States,en,2026-09-24
halong bay overnight cruise small boat,,,,,,,Google autocomplete suggestions,United States,en,2026-09-24
halong bay overnight cruise timings,,,,,,,Google autocomplete suggestions | Google autocomplete questions | Google autocomplete prepositions | Google autocomplete comparisons,United States,en,2026-09-24
halong bay overnight cruise tour,,,,,,,Google autocomplete suggestions,United States,en,2026-09-24
halong bay overnight cruise tripadvisor,,,,,,,Google autocomplete suggestions | Google autocomplete prepositions | Google autocomplete comparisons,United States,en,2026-09-24
halong bay overnight cruise vietnam,,,,,,,Google autocomplete suggestions,United States,en,2026-09-24
halong bay overnight cruise vs day cruise,,,,,,,Google autocomplete suggestions | Google autocomplete comparisons,United States,en,2026-09-24
halong bay overnight cruise with indian food,,,,,,,Google autocomplete suggestions | Google autocomplete questions | Google autocomplete prepositions | Google autocomplete comparisons,United States,en,2026-09-24
halong bay overnight cruise with kids,,,,,,,Google autocomplete suggestions,United States,en,2026-09-24
halong bay overnight cruise worth it,,,,,,,Google autocomplete suggestions,United States,en,2026-09-24
halong bay overnight on cruise,,,,,,,Google autocomplete suggestions,United States,en,2026-09-24
halong bay overnight river cruise,,,,,,,Google autocomplete suggestions,United States,en,2026-09-24
halong bay overnight stay cruise,,,,,,,Google autocomplete suggestions,United States,en,2026-09-24
halong bay overnight vs day cruise,,,,,,,Google autocomplete suggestions,United States,en,2026-09-24
halong bay private overnight cruise,,,,,,,Google autocomplete suggestions,United States,en,2026-09-24
halong bay queen cruise,,,,,,,Google autocomplete suggestions,United States,en,2026-09-24
halong bay vietnam day trip,,,,,,,Google autocomplete suggestions,United States,en,2026-09-24
halong bay vietnam one day trip,,,,,,,Google autocomplete suggestions,United States,en,2026-09-24
halong bay vs lan ha bay cruise,,,,,,,Google autocomplete comparisons,United States,en,2026-09-24
halong bay ylang cruise,,,,,,,Google autocomplete suggestions,United States,en,2026-09-24
halong dragon bay cruise quảng ninh,,,,,,,Google autocomplete suggestions,United States,en,2026-09-24
halong dragon bay cruise quảng ninh photos,,,,,,,Google autocomplete suggestions,United States,en,2026-09-24
hanoi cozy halong bay overnight cruise with meals,,,,,,,Google autocomplete suggestions,United States,en,2026-09-24
hanoi ha long bay day cruise swimming meal kayaking,,,,,,,Google autocomplete suggestions,United States,en,2026-09-24
hanoi ha long bay day trip luxury cruise & buffet lunch,,,,,,,Google autocomplete suggestions,United States,en,2026-09-24
hanoi halong bay lan ha bay overnight on cruise,,,,,,,Google autocomplete suggestions,United States,en,2026-09-24
hanoi halong bay overnight on cruise,,,,,,,Google autocomplete suggestions,United States,en,2026-09-24
hanoi to halong bay 1 night cruise,,,,,,,Google autocomplete prepositions,United States,en,2026-09-24
hanoi to halong bay cruise 1 night,,,,,,,Google autocomplete prepositions,United States,en,2026-09-24
hanoi to halong bay cruise distance,,,,,,,Google autocomplete prepositions,United States,en,2026-09-24
hanoi to halong bay day cruise,,,,,,,Google autocomplete prepositions,United States,en,2026-09-24
hanoi to halong bay day tour,,,,,,,Google autocomplete prepositions,United States,en,2026-09-24
hanoi to halong bay day trip,,,,,,,Google autocomplete prepositions,United States,en,2026-09-24
hanoi to halong bay day trip cost,,,,,,,Google autocomplete suggestions,United States,en,2026-09-24
hanoi to halong bay day trip itinerary,,,,,,,Google autocomplete suggestions | Google autocomplete prepositions,United States,en,2026-09-24
hanoi to halong bay day trip price,,,,,,,Google autocomplete prepositions,United States,en,2026-09-24
hanoi to halong bay day trip reddit,,,,,,,Google autocomplete prepositions,United States,en,2026-09-24
hanoi to halong bay distance,,,,,,,Google autocomplete suggestions,United States,en,2026-09-24
hanoi to halong bay overnight cruise,,,,,,,Google autocomplete suggestions | Google autocomplete prepositions,United States,en,2026-09-24
hanoi with halong bay cruise,,,,,,,Google autocomplete prepositions,United States,en,2026-09-24
ho thien 99 ha long bay cruise,,,,,,,Google autocomplete suggestions,United States,en,2026-09-24
how long from hanoi to halong bay,,,,,,,Google autocomplete suggestions,United States,en,2026-09-24
how long ha long bay cruise,,,,,,,Google autocomplete questions | Google autocomplete prepositions,United States,en,2026-09-24
how long in halong bay,,,,,,,Google autocomplete questions,United States,en,2026-09-24
how long is halong bay day cruise,,,,,,,Google autocomplete prepositions,United States,en,2026-09-24
how long is the drive from hanoi to halong bay,,,,,,,Google autocomplete suggestions,United States,en,2026-09-24
how long to cruise halong bay,,,,,,,Google autocomplete questions,United States,en,2026-09-24
how long to spend in halong bay,,,,,,,Google autocomplete questions | Google autocomplete prepositions,United States,en,2026-09-24
how many days in halong bay,,,,,,,Google autocomplete suggestions | Google autocomplete questions | Google autocomplete prepositions,United States,en,2026-09-24
how many days in hanoi and halong bay,,,,,,,Google autocomplete suggestions | Google autocomplete questions | Google autocomplete prepositions,United States,en,2026-09-24
how much does halong bay cost,,,,,,,Google autocomplete questions,United States,en,2026-09-24
how much from hanoi to halong bay,,,,,,,Google autocomplete questions,United States,en,2026-09-24
how much is a day trip to halong bay from hanoi,,,,,,,Google autocomplete questions,United States,en,2026-09-24
how much is an overnight cruise in ha long bay,,,,,,,Google autocomplete questions,United States,en,2026-09-24
how much is ha long bay cruise,,,,,,,Google autocomplete questions,United States,en,2026-09-24
how much is halong bay day cruise,,,,,,,Google autocomplete questions | Google autocomplete prepositions,United States,en,2026-09-24
how much is halong bay overnight cruise,,,,,,,Google autocomplete questions | Google autocomplete suggestions | Google autocomplete prepositions,United States,en,2026-09-24
how often are halong bay cruises cancelled,,,,,,,Google autocomplete prepositions,United States,en,2026-09-24
how to book halong bay cruise,,,,,,,Google autocomplete questions | Google autocomplete suggestions,United States,en,2026-09-24
how to book halong bay day cruise,,,,,,,Google autocomplete questions,United States,en,2026-09-24
is a day trip to ha long bay worth it,,,,,,,Google autocomplete prepositions,United States,en,2026-09-24
is an overnight cruise on halong bay worth it,,,,,,,Google autocomplete suggestions,United States,en,2026-09-24
is ha long bay a day trip,,,,,,,Google autocomplete suggestions | Google autocomplete questions | Google autocomplete prepositions,United States,en,2026-09-24
is ha long bay a day trip from hanoi,,,,,,,Google autocomplete suggestions | Google autocomplete questions | Google autocomplete prepositions,United States,en,2026-09-24
is ha long bay day trip worth it,,,,,,,Google autocomplete questions | Google autocomplete prepositions,United States,en,2026-09-24
is ha long bay worth a day trip,,,,,,,Google autocomplete suggestions,United States,en,2026-09-24
is halong bay a day trip from hanoi,,,,,,,Google autocomplete questions | Google autocomplete prepositions,United States,en,2026-09-24
is halong bay a river cruise,,,,,,,Google autocomplete prepositions,United States,en,2026-09-24
is halong bay cruise open today,,,,,,,Google autocomplete prepositions,United States,en,2026-09-24
is halong bay cruise worth it reddit,,,,,,,Google autocomplete questions | Google autocomplete prepositions,United States,en,2026-09-24
is halong bay day cruise worth it,,,,,,,Google autocomplete questions | Google autocomplete prepositions,United States,en,2026-09-24
is halong bay overnight cruise worth it,,,,,,,Google autocomplete questions | Google autocomplete prepositions,United States,en,2026-09-24
is halong bay tours website legit,,,,,,,Google autocomplete questions,United States,en,2026-09-24
is halong bay worth it,,,,,,,Google autocomplete prepositions | Google autocomplete questions,United States,en,2026-09-24
is halongbaycruises com legit,,,,,,,Google autocomplete questions | Google autocomplete prepositions,United States,en,2026-09-24
is one day in halong bay enough,,,,,,,Google autocomplete prepositions,United States,en,2026-09-24
jade sails halong bay day trip,,,,,,,Google autocomplete suggestions,United States,en,2026-09-24
la casta cruise halong bay day trip,,,,,,,Google autocomplete suggestions,United States,en,2026-09-24
mad monkey ha long bay day trip,,,,,,,Google autocomplete suggestions,United States,en,2026-09-24
ninh binh to halong bay cruise,,,,,,,Google autocomplete prepositions,United States,en,2026-09-24
ninh binh to halong bay day trip,,,,,,,Google autocomplete prepositions,United States,en,2026-09-24
ninh binh to halong bay overnight cruise,,,,,,,Google autocomplete suggestions | Google autocomplete prepositions,United States,en,2026-09-24
ninh binh vs ha long bay day trip,,,,,,,Google autocomplete suggestions,United States,en,2026-09-24
overnight cruise at halong bay,,,,,,,Google autocomplete suggestions,United States,en,2026-09-24
overnight cruise from halong bay,,,,,,,Google autocomplete suggestions,United States,en,2026-09-24
overnight cruise in halong bay,,,,,,,Google autocomplete suggestions,United States,en,2026-09-24
overnight cruise in halong bay on a traditional vietnamese junk,,,,,,,Google autocomplete suggestions,United States,en,2026-09-24
overnight cruise in halong bay vietnam,,,,,,,Google autocomplete suggestions,United States,en,2026-09-24
overnight cruise to halong bay,,,,,,,Google autocomplete suggestions,United States,en,2026-09-24
overnight stay in halong bay cruise,,,,,,,Google autocomplete suggestions,United States,en,2026-09-24
sapa to halong bay cruise,,,,,,,Google autocomplete prepositions,United States,en,2026-09-24
should i book halong bay cruise in advance,,,,,,,Google autocomplete questions | Google autocomplete prepositions | Google autocomplete comparisons | Google autocomplete suggestions,United States,en,2026-09-24
unicharm cruise halong bay,,,,,,,Google autocomplete suggestions,United States,en,2026-09-24
unicharm cruise halong bay review,,,,,,,Google autocomplete suggestions,United States,en,2026-09-24
unicharm halong bay cruise,,,,,,,Google autocomplete suggestions,United States,en,2026-09-24
viator halong bay day trip,,,,,,,Google autocomplete suggestions,United States,en,2026-09-24
viator halong bay overnight cruise,,,,,,,Google autocomplete suggestions,United States,en,2026-09-24
vietnam quad with ha long bay cruise,,,,,,,Google autocomplete suggestions,United States,en,2026-09-24
what cruise leaves from bayonne nj,,,,,,,Google autocomplete questions,United States,en,2026-09-24
what cruise line sails out of long beach,,,,,,,Google autocomplete questions,United States,en,2026-09-24
what cruises leave from long beach 2023,,,,,,,Google autocomplete questions,United States,en,2026-09-24
what cruises leave out of bayonne,,,,,,,Google autocomplete questions,United States,en,2026-09-24
what cruises sail out of long beach,,,,,,,Google autocomplete questions,United States,en,2026-09-24
what is ha long bay cruise,,,,,,,Google autocomplete questions | Google autocomplete prepositions,United States,en,2026-09-24
what is special about halong bay,,,,,,,Google autocomplete suggestions | Google autocomplete prepositions,United States,en,2026-09-24
what time does halong bay cruise start,,,,,,,Google autocomplete questions,United States,en,2026-09-24
what to wear halong bay day tour,,,,,,,Google autocomplete questions,United States,en,2026-09-24
what to wear on halong bay cruise,,,,,,,Google autocomplete questions,United States,en,2026-09-24
what to wear to ha long bay day trip,,,,,,,Google autocomplete questions | Google autocomplete prepositions,United States,en,2026-09-24
when to visit halong bay,,,,,,,Google autocomplete suggestions,United States,en,2026-09-24
when will halong bay reopen,,,,,,,Google autocomplete questions,United States,en,2026-09-24
where do celebrity cruises dock in halong bay vietnam,,,,,,,Google autocomplete questions,United States,en,2026-09-24
where do cruise ships dock for halong bay vietnam,,,,,,,Google autocomplete questions,United States,en,2026-09-24
where do halong bay cruises leave from,,,,,,,Google autocomplete questions,United States,en,2026-09-24
where halong bay,,,,,,,Google autocomplete questions,United States,en,2026-09-24
where to book halong bay cruise,,,,,,,Google autocomplete questions,United States,en,2026-09-24
where to book halong bay cruise reddit,,,,,,,Google autocomplete questions,United States,en,2026-09-24
which ha long bay cruise reddit,,,,,,,Google autocomplete questions,United States,en,2026-09-24
which ha long bay cruise to choose,,,,,,,Google autocomplete questions,United States,en,2026-09-24
which halong bay cruise to choose,,,,,,,Google autocomplete questions | Google autocomplete prepositions | Google autocomplete comparisons,United States,en,2026-09-24
who cruises from bayonne nj,,,,,,,Google autocomplete questions,United States,en,2026-09-24
who cruises out of bayonne,,,,,,,Google autocomplete questions,United States,en,2026-09-24
who cruises out of long beach,,,,,,,Google autocomplete questions,United States,en,2026-09-24
who sails out of long beach,,,,,,,Google autocomplete questions,United States,en,2026-09-24
wonder bay cruise halong quảng ninh photos,,,,,,,Google autocomplete suggestions,United States,en,2026-09-24
wonder bay cruise halong quảng ninh reviews,,,,,,,Google autocomplete suggestions,United States,en,2026-09-24
